sku,productName,brand,category,subcategory,packSize,caseSize,isActive,isFeatured
5023652413092,(1-12 Years) Kidz Pro-5 (Daily Microbiotic),Nature's Aid,Vitamins & Supplements,Probiotics & Specialty,90,6,TRUE,FALSE
5023652532090,100% MCT Oil 500ml CARAMEL,Nature's Aid,Vitamins & Supplements,Minerals,500,6,TRUE,FALSE
5023652533097,100% MCT Oil 500ml HAZELNUT,Nature's Aid,Vitamins & Supplements,Minerals,500,6,TRUE,FALSE
5023652534094,100% MCT Oil Sachets 15 X 15ML,Nature's Aid,Vitamins & Supplements,Minerals,15 x 15,6,TRUE,FALSE
5032227008366,1001 CARPET FRESH APPLE AND WATERLILY,1001,Household & Cleaning,Air Fresheners,300ML,6,TRUE,FALSE
5032227008236,1001 CARPET FRESH CALM,1001,Household & Cleaning,Air Fresheners,300ML,6,TRUE,FALSE
5032227008496,1001 CARPET FRESH ENERGISED,1001,Household & Cleaning,Air Fresheners,300ML,6,TRUE,FALSE
5032227008199,1001 CARPET FRESH PEONY AND RASPBERRY(C),1001,Household & Cleaning,Air Fresheners,300ML,6,TRUE,FALSE
5032227446007,1001 CARPET FRESH PET THAI ORCHID & PASSIONFRUIT,1001,Household & Cleaning,Air Fresheners,300ML,6,TRUE,FALSE
5032227445925,1001 CARPET FRESH SOFT JASMINE & LINEN,1001,Household & Cleaning,Air Fresheners,300ML,6,TRUE,FALSE
5032227449091,1001 CARPET MACHINE SOLUTION,1001,Household & Cleaning,Surface & Bathroom,500ML,6,TRUE,FALSE
5032227443044,1001 CARPET MOUSSE,1001,Household & Cleaning,Surface & Bathroom,350ML,6,TRUE,FALSE
5032227449107,1001 CARPET SHAMPOO,1001,Household & Cleaning,Surface & Bathroom,500ML,6,TRUE,FALSE
5032227449077,1001 CARPET STAIN REMOVER,1001,Laundry & Fabric Care,Stain Removers,500ML,6,TRUE,FALSE
5032227449084,1001 PET STAIN REMOVER (D),1001,Laundry & Fabric Care,Stain Removers,500ML,6,TRUE,FALSE
5053249247465,151 SCENTED DEHUMIDIFIER,151 Scented,Household & Cleaning,Air Fresheners,400ML,24,TRUE,FALSE
5053249009018,151 SCENTED DEHUMIDIFIER HANGING WARDROBE,151 Scented,Household & Cleaning,Air Fresheners,225GM,24,TRUE,FALSE
8435446406925,3INA COSMETICS CONCEALER TOFFEE 106,3INA,Beauty & Cosmetics,Face Makeup,12,336,TRUE,FALSE
8435446401784,3INA COSMETICS CONCEALER WARM BEIGE 104,3INA,Beauty & Cosmetics,Face Makeup,12,336,TRUE,FALSE
8435446405294,3INA COSMETICS E/BROW MASC BLONDE 201,3INA,Beauty & Cosmetics,Eye & Brow,12,408,TRUE,FALSE
8435446404433,3INA COSMETICS EYE PENCIL CORAL 100,3INA,Beauty & Cosmetics,Eye & Brow,12,264,TRUE,FALSE
8435446402279,3INA COSMETICS THE NUDE FOUND BEIGE 308,3INA,Beauty & Cosmetics,Face Makeup,6,84,TRUE,FALSE
4011700740475,4711 ORIGINAL 100G CREAM SOAP,4711,Bath & Body,Body Wash & Shower,6,72,TRUE,FALSE
4011700740376,4711 ORIGINAL 100ML EDC,4711,Fragrance,Perfume (EDP/EDT),3,30,TRUE,FALSE
4011700740291,4711 ORIGINAL 150ML DEO SPRAY,4711,Bath & Body,Deodorants & Antiperspirants,1,6,TRUE,FALSE
4011700741724,4711 ORIGINAL 200ML S/GEL,4711,Bath & Body,Body Wash & Shower,3,36,TRUE,FALSE
4011700740383,4711 ORIGINAL 50ML EDC,4711,Fragrance,Perfume (EDP/EDT),3,42,TRUE,FALSE
5016379401015,4Head Cooling Quickstrip,4Head,Pain Relief,Topical/Patches,4,6,TRUE,FALSE
5016379400001,4Head Stick,4Head,Pain Relief,Topical/Patches,3.6g,6,TRUE,FALSE
5050895146937,4MY BABY BABY WIPES GENTLY FRAGRANCED 23/05/26,4My Baby,Baby & Child,Diapers & Wipes,72'S,12,TRUE,FALSE
5050895247207,4MY BABY BABY WIPES SENSITIVE 03/07/26,4My Baby,Baby & Child,Diapers & Wipes,72'S,12,TRUE,FALSE
5050895167635,4MY BABY NAPPY BAGS FRAGRANCED B0414/B0674,4My Baby,Baby & Child,Diapers & Wipes,200'S,24,TRUE,FALSE
4060800304360,7UP CANS 04/25,7Up,Food & Drinks,Beverages,330ML,24,TRUE,FALSE
4060800309952,7UP LIGHT BOTTLES 04/24,7Up,Food & Drinks,Beverages,500ML,24,TRUE,FALSE
9781922417442,80S BINGO(C),80S Bingo,"Home, Electrical & Lifestyle (Catch-all)",Toys & Misc,1 game set,8,TRUE,FALSE
7610313202003,A Vogel Atrogel Arnica Gel,A.Vogel,Health & OTC Medicines,Ear/Eye/Skin & Other OTC,100ml,6,TRUE,FALSE
7610313131358,A Vogel Coughs Colds & Flu Oral Drops Echinaforce,A.Vogel,Health & OTC Medicines,"Cold, Flu & Allergy",50ml,6,TRUE,FALSE
7610313415106,A Vogel Dormeasan Valerian-Hops for Stress Sleep and Mood Oral Drops,A.Vogel,Health & OTC Medicines,Ear/Eye/Skin & Other OTC,50ml,6,TRUE,FALSE
7610313303557,A Vogel Echinaforce Echinacea Tablets,A.Vogel,Health & OTC Medicines,"Cold, Flu & Allergy",120,6,TRUE,FALSE
7610313304585,A Vogel Echinaforce Forte Cold and Flu Tablets,A.Vogel,Health & OTC Medicines,"Cold, Flu & Allergy",40,6,TRUE,FALSE
7610313313563,A Vogel Echinaforce for Coughs Colds and Flu Tablets,A.Vogel,Health & OTC Medicines,"Cold, Flu & Allergy",42,6,TRUE,FALSE
7610313314454,A Vogel Menoforce Sage for Stress Sleep and Mood Tablets,A.Vogel,Health & OTC Medicines,Ear/Eye/Skin & Other OTC,30,6,TRUE,FALSE
5029115000007,A&E BLISTER PLASTERS (2XHEEL/2XTOE) 10/28,A&E,First Aid & Medical Devices,Plasters & Dressings,4'S,12,TRUE,FALSE
5029115011560,A&E CLEAR MEDICAL HOSPITAL TAPE 10/28,A&E,First Aid & Medical Devices,Plasters & Dressings,10MTR,12,TRUE,FALSE
5029115828106,A&E DINOSAUR & PIRATE PLASTERS 05/27(C),A&E,First Aid & Medical Devices,Plasters & Dressings,27 plasters,12,TRUE,FALSE
5029115011164,A&E FABRIC DRESSING STRAPPING SPOOL,A&E,First Aid & Medical Devices,Plasters & Dressings,1.6MTR,12,TRUE,FALSE
5029115826171,A&E FABRIC DRESSINGS 2FOR1 06/27(D),A&E,First Aid & Medical Devices,Plasters & Dressings,1MTR,24,TRUE,FALSE
5029115011287,A&E LARGE PLASTER DRESSINGS 10/28,A&E,First Aid & Medical Devices,Plasters & Dressings,5'S,12,TRUE,FALSE
5029115011201,A&E MICROPORE TAPE,A&E,First Aid & Medical Devices,Plasters & Dressings,6MTR,12,TRUE,FALSE
5029115005477,A&E PLASTER DRESSING LARGE 10X6X10CM 06/27 (C),A&E,First Aid & Medical Devices,Plasters & Dressings,10PK,12,TRUE,FALSE
5029115011140,A&E PLASTERS CLEAR WASH PROOF & FABRIC 31/03/28,A&E,First Aid & Medical Devices,Plasters & Dressings,100'S,6,TRUE,FALSE
5029115011126,A&E PLASTERS CLEAR WASHPROOF & DRESSINGS 05/28,A&E,First Aid & Medical Devices,Plasters & Dressings,20'S,24,TRUE,FALSE
5029115011263,A&E UNICORN PLASTERS 06/27,A&E,First Aid & Medical Devices,Plasters & Dressings,15S,12,TRUE,FALSE
85715168047,A&F AUTHENTIC NIGHT 15ML EDT SPRAY,A&F,Fragrance,Perfume (EDP/EDT),1,48,TRUE,FALSE
5036631004075,A&P Infant Powder Sachets,A&P,Baby & Child,Baby Toiletries,20,6,TRUE,FALSE
5034268006196,A-Z Multivitamins with Proven Probiotics,Proven,Vitamins & Supplements,Multivitamins,30 tablets,12,TRUE,FALSE
5013922056852,A3 SKETCH PAD 30SHT (R),A3 Sketch,"Home, Electrical & Lifestyle (Catch-all)",Stationery & Crafts,30 sheets,6,TRUE,FALSE
5013922060491,A4 PLASTIC WALLETS (R),A4 Plastic,"Home, Electrical & Lifestyle (Catch-all)",Stationery & Crafts,3PK,12,TRUE,FALSE
5013922040547,A4 PUNCH POCKETS (R),A4 Punch,"Home, Electrical & Lifestyle (Catch-all)",Stationery & Crafts,40PK,10,TRUE,FALSE
5013922050041,A4 REFILL PAD LINED 100 SHEET (R),A4 Refill,"Home, Electrical & Lifestyle (Catch-all)",Stationery & Crafts,100 Sheets,6,TRUE,FALSE
5013922056845,A4 SKETCH PAD 60 SHEET (R),A4 Sketch,"Home, Electrical & Lifestyle (Catch-all)",Stationery & Crafts,60 sheets,6,TRUE,FALSE
5012616173103,ABIDEC M/VIT&OMEGA3 SYRUP 150ML,Other,Vitamins & Supplements,Multivitamins,150ml bottle,,TRUE,FALSE
5029219000897,ABS Foot Spray 150ml,ABS,Bath & Body,Body Moisturisers,150ml bottle,12,TRUE,FALSE
5029219000903,ABS Shoe Spray 150ml,ABS,Bath & Body,Body Moisturisers,150ml bottle,12,TRUE,FALSE
5012616267901,ABSOLUTE WHITE TEETH WHITENING PEN,Absolute White,Oral Care,Mouthwash & Whitening,1.8G,20,TRUE,FALSE
672935109365,ABSOLUTE WHITE TOOTHBRUSH ADULT TURBO BATTERY,Absolute White,Oral Care,Toothbrushes & Tools,1 toothbrush,6,TRUE,FALSE
8001480020412,ACE 1L BLEACH FOR WHITES,Ace,Laundry & Fabric Care,Detergents & Pods,1,18,TRUE,FALSE
8001480718906,ACE ULTRA FOR COLOURS,Ace,Laundry & Fabric Care,Detergents & Pods,1LTR,6,TRUE,FALSE
8001480702653,ACE ULTRA FOR WHITES,Ace,Laundry & Fabric Care,Detergents & Pods,1LTR,6,TRUE,FALSE
5022822127401,ADAPTER 2 WAY IN DISPLAY (R),Adapter 2,"Home, Electrical & Lifestyle (Catch-all)",Home & Electrical,1 adapter,8,TRUE,FALSE
5022822120051,ADAPTER 3 WAY IN DISPLAY (R),Adapter 3,"Home, Electrical & Lifestyle (Catch-all)",Home & Electrical,1 adapter,8,TRUE,FALSE
5020353049810,ADDICTION BODY SPRAY GOLD,Addiction,Fragrance,Body Mists,150ML,6,TRUE,FALSE
5020353052131,ADDICTION BODY SPRAY GOLD 150ML+EDT 50ML,Addiction,Fragrance,Gift Sets,G/SET,4,TRUE,FALSE
6291012889989,ADDICTION BODY SPRAY SAVAGE,Addiction,Fragrance,Body Mists,150ML,6,TRUE,FALSE
6291012903340,ADDICTION BODY SPRAY SAVAGE 150ML+EDT 50ML,Addiction,Fragrance,Gift Sets,G/SET,4,TRUE,FALSE
6291012001305,ADDICTION BODY WASH VICTORUM GOLD 31/05/28,Addiction,Bath & Body,Body Wash & Shower,200ML,12,TRUE,FALSE
6291012001282,ADDICTION BODY WASH VICTORUM PLATINUM 05/25,Addiction,Bath & Body,Body Wash & Shower,200ML,12,TRUE,FALSE
6291012000957,ADDICTION EDT VICTORUM GOLD (D),Addiction,Fragrance,Perfume (EDP/EDT),100ML,6,TRUE,FALSE
6291012000988,ADDICTION EDT VICTORUM PLATINUM (D),Addiction,Fragrance,Perfume (EDP/EDT),100ML,6,TRUE,FALSE
5028763004429,ADDIS TOOTHBRUSH SMOKERS EXTRA HARD,Addis,Oral Care,Toothbrushes & Tools,1202HS,12,TRUE,FALSE
5013922031408,ADDRESS LABELS 175PK BOXED (R),Address Labels,"Home, Electrical & Lifestyle (Catch-all)",Stationery & Crafts,3140,12,TRUE,FALSE
3412242630155,ADIDAS 100ML A/SHAVE ICE DIVE,Adidas,Bath & Body,Body Wash & Shower,1,12,TRUE,FALSE
3607345216713,ADIDAS 100ML A/SHAVE PURE GAME,Adidas,Bath & Body,Body Wash & Shower,1,12,TRUE,FALSE
3412242530042,ADIDAS 100ML A/SHAVE TEAM FORCE,Adidas,Bath & Body,Body Wash & Shower,3,12,TRUE,FALSE
3607342734425,ADIDAS 100ML EDT SPRAY GET READY,Adidas,Fragrance,Perfume (EDP/EDT),3,12,TRUE,FALSE
3607349684495,ADIDAS 150ML DEO SPRAY COOL & CARE,Adidas,Bath & Body,Deodorants & Antiperspirants,6,12,TRUE,FALSE
3412242630032,ADIDAS 50ML A/SHAVE ICE DIVE,Adidas,Bath & Body,Body Wash & Shower,3,12,TRUE,FALSE
3412242610065,ADIDAS 50ML EDT SPRAY ICE DIVE,Adidas,Fragrance,Perfume (EDP/EDT),3,12,TRUE,FALSE
3607349687458,ADIDAS A/P COOL & DRY FRESH COOLING,Adidas,Bath & Body,Deodorants & Antiperspirants,150ML,24,TRUE,FALSE
3607345722306,ADIDAS FOR WOMEN SHOWER GEL PROTECT (C),Adidas,Bath & Body,Body Wash & Shower,250ML,12,TRUE,FALSE
3616302022915,ADIDAS GIFTSET ICE DIVE FEEL THE CHILL,Adidas,Fragrance,Gift Sets,3PCS,6,TRUE,FALSE
3614223414222,ADIDAS SHOWER GEL ADIPURE HYDRATING (C),Adidas,Bath & Body,Body Wash & Shower,250ML,12,TRUE,FALSE
3614221653715,ADIDAS SHOWER GEL CLIMACOOL (C),Adidas,Bath & Body,Body Wash & Shower,400ML,12,TRUE,FALSE
3607340725289,ADIDAS SHOWER GEL PURE GAME (C),Adidas,Bath & Body,Body Wash & Shower,250ML,12,TRUE,FALSE
3616303454746,ADIDAS TEAM FORCE SET 2PC,Adidas,Fragrance,Gift Sets,1,6,TRUE,FALSE
5055071777585,ADORAMALS MATCHBOOK NAIL FILES DISPLAY (C),Adoramals,Beauty & Cosmetics,Nail & Accessories,1  pack ,48,TRUE,FALSE
5055071599996,ADORAMALS MELAMINE KIDS SET (C),Adoramals,Baby & Child,Baby Feeding,4PC,8,TRUE,FALSE
5060563215452,ADVENT CALENDAR CLAY MASKS 24 DAYS,Advent Calendar,Skin Care,Treatments & Masks,24 mini masks,6,TRUE,FALSE
5060563215933,ADVENT CALENDAR ULTIMATE MASKING 12 DAYS,Advent Calendar,Skin Care,Treatments & Masks,12 masks,6,TRUE,FALSE
5060563215469,ADVENT CRACKER MASKING 7 DAYS,Advent,Skin Care,Treatments & Masks,7 masks,12,TRUE,FALSE
85715710260,AGENT PROVOCATEUR EDP SPRAY,Agent Provocateur,Fragrance,Perfume (EDP/EDT),100ML,1,TRUE,FALSE
4250175812380,AGFA PHOTO BATTERIES ALKALINE CELL ASST 03/30 (R),Agfa,"Home, Electrical & Lifestyle (Catch-all)",Home & Electrical,25PK,20,TRUE,FALSE
5015934704875,AIR DISCS IN CDU 3 ASSORTED(R),Air Discs,"Home, Electrical & Lifestyle (Catch-all)",Toys & Misc,3 discs,12,TRUE,FALSE
5059001011497,AIR WICK 105G CANDLE APPLE CRUMBLE,Air Wick,Household & Cleaning,Air Fresheners,1,6,TRUE,FALSE
5011417563854,AIR WICK 105G CANDLE VANILLA BEAN £2.50,Air Wick,Household & Cleaning,Air Fresheners,1,6,TRUE,FALSE
5900627071634,AIR WICK 185G CANDLE ORANGE (EN LAB),Air Wick,Household & Cleaning,Air Fresheners,1,6,TRUE,FALSE
5900627071627,AIR WICK 185G CANDLE VANILLA (EN LAB),Air Wick,Household & Cleaning,Air Fresheners,1,6,TRUE,FALSE
5059001002631,AIR WICK 220G CANDLE PEONY & ANJOU PEAR,Air Wick,Household & Cleaning,Air Fresheners,1,6,TRUE,FALSE
5059001011961,AIR WICK 25ML REED DIFF CHRISTMAS MARKET,Air Wick,Household & Cleaning,Air Fresheners,1,5,TRUE,FALSE
5059001003812,AIR WICK 3X220G CANDLE AROMA GIFT BOX,Air Wick,Household & Cleaning,Air Fresheners,1,1,TRUE,FALSE
5059001003232,AIR WICK 3X220G CANDLE GIFT BOX,Air Wick,Household & Cleaning,Air Fresheners,1,1,TRUE,FALSE
5059001507662,AIR WICK BOTANICA 500G CANDLE COCONUT,Air Wick,Household & Cleaning,Air Fresheners,1,1,TRUE,FALSE
5201347175085,AIR WICK ELEC 19ML REFILL POMEG (EN LAB),Air Wick,Household & Cleaning,Air Fresheners,1,7,TRUE,FALSE
5011417552995,AIR WICK FM PURE 250ML REFILL SATIN&LILY,Air Wick,Household & Cleaning,Air Fresheners,1,4,TRUE,FALSE
5060194702550,AIRPURE & FRESH TRIGGER SPRAY FRESH LINEN,Airpure,Household & Cleaning,Air Fresheners,250ML,12,TRUE,FALSE
5060194133767,AIRPURE 250ML AIR-O-MATIC REFILL ROMANCE,Airpure,Household & Cleaning,Air Fresheners,12,24,TRUE,FALSE
5060194137826,AIRPURE 750ML FABRIC FRESH LINEN,Airpure,Household & Cleaning,Air Fresheners,1,12,TRUE,FALSE
5060194135082,AIRPURE AUTOMATIC MACHINE,Airpure,Household & Cleaning,Air Fresheners,6,24,TRUE,FALSE
5060194134221,AIRPURE CONC DISINFECTANT 4IN1 MIX A,Airpure,Household & Cleaning,Disinfectants & Toilet Care,220ML,12,TRUE,FALSE
5060194134214,AIRPURE CONCENTRATE DISINFECTANT 4IN1 MIX C,Airpure,Household & Cleaning,Disinfectants & Toilet Care,220ML,12,TRUE,FALSE
5060194137840,AIRPURE FABRIC FRESHENER PET PROUD,Airpure,Household & Cleaning,Air Fresheners,750ML,12,TRUE,FALSE
5060194132340,AIRPURE FRESH TOILET FOAM PURPLE RAIN,Airpure,Household & Cleaning,Disinfectants & Toilet Care,500ML,6,TRUE,FALSE
5060194134436,AIRPURE FRESH TOILET FOAM SPARKLING BERRY,Airpure,Household & Cleaning,Disinfectants & Toilet Care,500ML,6,TRUE,FALSE
5060194130124,AIRPURE FRESHENER BINFAIRY ORANGE BURST,Airpure,Household & Cleaning,Air Fresheners,500G,12,TRUE,FALSE
5060494130179,AIRPURE FRESHENER PET PROUD CARPET COUNTRY FLOWER,Airpure,Household & Cleaning,Air Fresheners,500GM,12,TRUE,FALSE
5060194133170,AIRPURE INCREDIBALLS IN WASH CLESN SKIES 12W,Airpure,Laundry & Fabric Care,Fabric Care,128GM,24,TRUE,FALSE
5060194133194,AIRPURE INCREDIBALLS IN WASH PETAL&PEARL 12W,Airpure,Laundry & Fabric Care,Fabric Care,128GM,24,TRUE,FALSE
5060194138564,AIRPURE LED COLOUR CHANGE GEL CRYSTALS ASSTD,Airpure,Household & Cleaning,Air Fresheners,150g container,12,TRUE,FALSE
5060194137048,AIRPURE MOSAIC ELEC WAX MELTER ROSE GOLD(D),Airpure,Household & Cleaning,Air Fresheners,1 unit,4,TRUE,FALSE
5060194130179,AIRPURE PET PROUD 500G CARPET FLOWERS,Airpure,Household & Cleaning,Air Fresheners,1,12,TRUE,FALSE
5060194137772,AIRPURE PLUG IN MOMENTS,Airpure,Household & Cleaning,Air Fresheners,UNIT,24,TRUE,FALSE
5060194130520,AIRPURE SCENT BEADS ASSORTED,Airpure,Household & Cleaning,Air Fresheners,12,48,TRUE,FALSE
5060194132425,AIRPURE SCENT BEADS ASSORTED,Airpure,Household & Cleaning,Air Fresheners,12,48,TRUE,FALSE
5060194131794,AIRPURE TEALIGHTS UNSCENTED 4 HOUR (R),Airpure,Household & Cleaning,Air Fresheners,15PK,24,TRUE,FALSE
5060194131787,AIRPURE TEALIGHTS UNSCENTED 8 HOUR (D),Airpure,Household & Cleaning,Air Fresheners,8PK,24,TRUE,FALSE
5060194133842,AIRPURE WAX MELTS FRAGRANCE NO28/31,Airpure,Household & Cleaning,Air Fresheners,ASSTD,24,TRUE,FALSE
5059001013989,AIRWICK AIR FRESHENER PINK SWEET PEA PM Â£1.89 (C),Airwick,Household & Cleaning,Air Fresheners,300ML,6,TRUE,FALSE
5999109543592,AIRWICK CANDLE BERRY BLISS (C),Airwick,Household & Cleaning,Air Fresheners,205GM,6,TRUE,FALSE
5059001001665,AIRWICK CANDLE BOTANICA ISLAND ROSE & GERANIUM (C),Airwick,Household & Cleaning,Air Fresheners,205GM,6,TRUE,FALSE
8720065003625,AIRWICK CANDLE BOTANICA VANILLA & MAGNOLIA (C),Airwick,Household & Cleaning,Air Fresheners,205GM,6,TRUE,FALSE
5900627061406,AIRWICK CANDLE PINK SWEET PEA (C),Airwick,Household & Cleaning,Air Fresheners,105GM,6,TRUE,FALSE
5999109543493,AIRWICK CANDLE RED APPLE & CINNAMON (C),Airwick,Household & Cleaning,Air Fresheners,105GM,6,TRUE,FALSE
5999109543615,AIRWICK CANDLE WARM CINNAMON & APPLE (C),Airwick,Household & Cleaning,Air Fresheners,205GM,6,TRUE,FALSE
5059001016386,AIRWICK CANDLE WHITE COCOA & VANILLA (C),Airwick,Household & Cleaning,Air Fresheners,105GM,6,TRUE,FALSE
5059001016225,AIRWICK ELEC REFILL DAZZLE BERRY DELIGHT (C),Airwick,Household & Cleaning,Air Fresheners,19ML,6,TRUE,FALSE
5059001011800,AIRWICK ELEC UNIT COSY WINTER NIGHTS (C),Airwick,Household & Cleaning,Air Fresheners,19ML,4,TRUE,FALSE
5059001016232,AIRWICK ELECTRIC REFILL COSY COTTAGE TWIN (C),Airwick,Household & Cleaning,Air Fresheners,2X19ML,5,TRUE,FALSE
5059001009876,AIRWICK ELECTRIC REFILL CRISP SPRING BREEZE (C),Airwick,Household & Cleaning,Air Fresheners,19ML,6,TRUE,FALSE
5011417556931,AIRWICK ELECTRIC REFILL LAVENDER (C),Airwick,Household & Cleaning,Air Fresheners,19ML,6,TRUE,FALSE
5011417556948,AIRWICK ELECTRIC REFILL SATIN & MOON LILY (C),Airwick,Household & Cleaning,Air Fresheners,19ML,6,TRUE,FALSE
5059001011916,AIRWICK FRESHMATIC MAX UNIT MULLED WINE (C),Airwick,Household & Cleaning,Air Fresheners,COMP,4,TRUE,FALSE
5011417558140,AIRWICK FRESHMATIC REFILL VANILLA BEAN (C),Airwick,Household & Cleaning,Air Fresheners,250ML,4,TRUE,FALSE
5059001016188,AIRWICK FRESHMATIC UNIT COSY COTTAGE (C),Airwick,Household & Cleaning,Air Fresheners,250ML,4,TRUE,FALSE
5011417572191,AIRWICK FRESHMATIC UNIT CRISP LINEN,Airwick,Household & Cleaning,Air Fresheners,250ML,4,TRUE,FALSE
5999109541413,AIRWICK FRESHMATIC UNIT ORANGE & CINNAMON (C),Airwick,Household & Cleaning,Air Fresheners,COMP,4,TRUE,FALSE
5059001016317,AIRWICK REED DIFFUSER APPLE CRUMBLE (C),Airwick,Household & Cleaning,Air Fresheners,25ML,5,TRUE,FALSE
5059001012074,AIRWICK REED DIFFUSER APPLE CRUMBLE (C),Airwick,Household & Cleaning,Air Fresheners,33ML,5,TRUE,FALSE
5059001001627,AIRWICK REED DIFFUSER BOTANICAL PINEAPPLE&ROSE (C),Airwick,Household & Cleaning,Air Fresheners,90ML,5,TRUE,FALSE
5059001016010,AIRWICK REED DIFFUSER COSY COTTAGE (C),Airwick,Household & Cleaning,Air Fresheners,42ML,5,TRUE,FALSE
5059001016003,AIRWICK REED DIFFUSER COSY COTTAGE (C),Airwick,Household & Cleaning,Air Fresheners,33ML,5,TRUE,FALSE
5059001016324,AIRWICK REED DIFFUSER DAZZLING BERRY (C),Airwick,Household & Cleaning,Air Fresheners,42ML,5,TRUE,FALSE
5059001012098,AIRWICK REED DIFFUSER MULLED WINE (C),Airwick,Household & Cleaning,Air Fresheners,25ML,5,TRUE,FALSE
5059001012081,AIRWICK REED DIFFUSER MULLED WINE (C),Airwick,Household & Cleaning,Air Fresheners,42ML,5,TRUE,FALSE
5059001016027,AIRWICK REED DIFFUSER SNOW PLACE LIKE HOME (C),Airwick,Household & Cleaning,Air Fresheners,25ML,5,TRUE,FALSE
8710908181719,ALBERTO BALSAM CONDITIONER APPLE,Alberto Balsam,Hair Care,Conditioner,350ML,6,TRUE,FALSE
8710908181283,ALBERTO BALSAM CONDITIONER COCONUT,Alberto Balsam,Hair Care,Conditioner,350ML,6,TRUE,FALSE
8710908182082,ALBERTO BALSAM CONDITIONER RASPBERRY,Alberto Balsam,Hair Care,Conditioner,350ML,6,TRUE,FALSE
8710908705731,ALBERTO BALSAM CONDITIONER STRAWBERRY,Alberto Balsam,Hair Care,Conditioner,350ML,6,TRUE,FALSE
8710908182105,ALBERTO BALSAM CONDITIONER TEA TREE,Alberto Balsam,Hair Care,Conditioner,350ML,6,TRUE,FALSE
8710908178399,ALBERTO BALSAM SHAMPOO APPLE,Alberto Balsam,Hair Care,Shampoo,350ML,6,TRUE,FALSE
8720182036070,ALBERTO BALSAM SHAMPOO BAR APPLE,Alberto Balsam,Hair Care,Shampoo,75G,12,TRUE,FALSE
8720182036094,ALBERTO BALSAM SHAMPOO BAR RASPBERRY,Alberto Balsam,Hair Care,Shampoo,75G,12,TRUE,FALSE
8710908177071,ALBERTO BALSAM SHAMPOO COCONUT,Alberto Balsam,Hair Care,Shampoo,350ML,6,TRUE,FALSE
8710908180811,ALBERTO BALSAM SHAMPOO RASPBERRY,Alberto Balsam,Hair Care,Shampoo,350ML,6,TRUE,FALSE
8710908705632,ALBERTO BALSAM SHAMPOO STRAWBERRY,Alberto Balsam,Hair Care,Shampoo,350ML,6,TRUE,FALSE
8710908181092,ALBERTO BALSAM SHAMPOO TEA TREE,Alberto Balsam,Hair Care,Shampoo,350ML,6,TRUE,FALSE
5012254060230,ALBERTO BALSAM STYLE GEL ULTRA,Alberto Balsam,Hair Care,Styling & Treatments,200ML,6,TRUE,FALSE
5012254060223,ALBERTO BALSAM STYLE GEL WET LOOK,Alberto Balsam,Hair Care,Styling & Treatments,200ML,6,TRUE,FALSE
8022297157030,ALFAPARF 125ML LEAVE IN FLUID DIAMOND,Alfaparf,Hair Care,Styling & Treatments,1,12,TRUE,FALSE
8022297141459,ALFAPARF 125ML SERUM MILANO-KERATIN,Alfaparf,Hair Care,Styling & Treatments,1,12,TRUE,FALSE
8022297064970,ALFAPARF 200ML DIAMOND ILLUMINATING MASK,Alfaparf,Hair Care,Styling & Treatments,1,12,TRUE,FALSE
8022297064277,ALFAPARF 200ML MOISTURE NUTRITIVE MASK,Alfaparf,Hair Care,Styling & Treatments,1,12,TRUE,FALSE
8022297064932,ALFAPARF 250ML S/POO DIAMOND ILLUMINAT,Alfaparf,Hair Care,Shampoo,1,12,TRUE,FALSE
8022297064987,ALFAPARF 500ML HAIR MASK ILLUMINATING,Alfaparf,Hair Care,Styling & Treatments,1,12,TRUE,FALSE
5010605402814,ALKA SELTZER ORIGINAL 10'S 30/06/26,Alka Seltzer,Health & OTC Medicines,Digestive Health,10'S,10,TRUE,FALSE
5050895149273,ALL ABOUT HOME GEL AIR FRESH LAVENDER BREEZE,All About,Household & Cleaning,Air Fresheners,3PK,8,TRUE,FALSE
5050895149297,ALL ABOUT HOME GEL AIR FRESH TUSCANY ROSE,All About,Household & Cleaning,Air Fresheners,3PK,8,TRUE,FALSE
5060599187143,ALL HANDS HAND CARE SET LYCHEE & ASIAN PEAR C),All Hands,Bath & Body,Body Moisturisers,50ML,8,TRUE,FALSE
5060599187167,ALL HANDS HAND CARE SET RASPBERRY(C),All Hands,Bath & Body,Body Moisturisers,50ML,8,TRUE,FALSE
5060599187174,ALL HANDS HAND CARE SET ZINGY PINEAPPLE(C),All Hands,Bath & Body,Body Moisturisers,50ML,8,TRUE,FALSE
4008666211187,ALPECIN CAFFEINE SHAMPOO C1,Alpecin,Hair Care,Shampoo,250ML,6,TRUE,FALSE
5010029229936,ALPEN DELIGHT CHOCLATE HONEYCOMB 19/3/25,Alpen,Food & Drinks,Snacks & Confectionery,120GM,10,TRUE,FALSE
5010029229837,ALPEN DELIGHT CHOCOLAT CARAMEL&SHORTBREAD 26/09/24,Alpen,Food & Drinks,Snacks & Confectionery,120GM,10,TRUE,FALSE
5010029229967,ALPEN DELIGHT CHOCOLATE BROWNIE 5PACK 09/10/24,Alpen,Food & Drinks,Snacks & Confectionery,95GM,10,TRUE,FALSE
5010029229899,ALPEN DELIGHT RASPBERRY ROCKY ROAD 10/10/24,Alpen,Food & Drinks,Snacks & Confectionery,120GM,10,TRUE,FALSE
5010029230109,ALPEN DELIGHT SALTED CARAMEL 19/9/24,Alpen,Food & Drinks,Snacks & Confectionery,95GM,10,TRUE,FALSE
5010029229998,ALPEN DELIGHT WHITE CHOC RASP & SHORTCAKE 18/10/24,Alpen,Food & Drinks,Snacks & Confectionery,120GM,10,TRUE,FALSE
5010029211030,ALPEN FRUIT & NUT WITH CHOC 5PACK (D) 20/7/24,Alpen,Food & Drinks,Snacks & Confectionery,145GM,10,TRUE,FALSE
5010029214444,ALPEN LIGHT CHOCOLATE & FUDGE 5PACK (D) 17/07/2024,Alpen,Food & Drinks,Snacks & Confectionery,95GM,10,TRUE,FALSE
5010029228670,ALPEN LIGHT CHOCOLATE BROWNIE 5PK 15/06/24 (D),Alpen,Food & Drinks,Snacks & Confectionery,95GM,10,TRUE,FALSE
5010029220100,ALPEN LIGHT JAFFA CAKE 5PACK (D) 20/03/24,Alpen,Food & Drinks,Snacks & Confectionery,95GM,10,TRUE,FALSE
5010029214420,ALPEN LIGHT SUMMER FRUITS 5PACK (D) 19/7/24,Alpen,Food & Drinks,Snacks & Confectionery,95GM,10,TRUE,FALSE
5010029226379,ALPEN LIGHT WHITE CHOC RASP& SHORTCAKE 12/7/24,Alpen,Food & Drinks,Snacks & Confectionery,95GM,10,TRUE,FALSE
5010029211061,ALPEN STRAWBERRY & YOGURT 5PACK 20/6/24 (D),Alpen,Food & Drinks,Snacks & Confectionery,145GM,10,TRUE,FALSE
8001841685960,ALWAYS DAILIES LINERS FRESH ODOUR 60'S (0% VAT),Always,Feminine & Intimate,Pads & Liners,60'S,4,TRUE,FALSE
8006540692356,ALWAYS DAILIES LINERS NORMAL UNSCENTED,Always,Feminine & Intimate,Pads & Liners,54S,4,TRUE,FALSE
8001090361912,ALWAYS DAILIES NORMAL TO GO (C),Always,Feminine & Intimate,Pads & Liners,20'S,10,TRUE,FALSE
4015400738558,ALWAYS NIGHT ULTRA SENSITIVE (C),Always,Feminine & Intimate,Pads & Liners,10S,10,TRUE,FALSE
4015400931225,ALWAYS PADS SENSITIVE SUPER PLUS SIZE 2,Always,Feminine & Intimate,Pads & Liners,10'S,20,TRUE,FALSE
800654709467,ALWAYS ULTRA 15PC MIXED DISPLAY CASE (0% VAT),Always,Feminine & Intimate,Pads & Liners,15PC,15,TRUE,FALSE
8006540584170,ALWAYS ULTRA DAY & NIGHT,Always,Feminine & Intimate,Pads & Liners,9'S,16,TRUE,FALSE
4015400032328,ALWAYS ULTRA DAY & NIGHT,Always,Feminine & Intimate,Pads & Liners,14'S,10,TRUE,FALSE
8006540584149,ALWAYS ULTRA LONG (D),Always,Feminine & Intimate,Pads & Liners,13'S,12,TRUE,FALSE
8006540709498,ALWAYS ULTRA LONG + 2 FREE ULTRA NIGHT (C),Always,Feminine & Intimate,Pads & Liners,24'S,4,TRUE,FALSE
8006540584040,ALWAYS ULTRA NORMAL PLUS,Always,Feminine & Intimate,Pads & Liners,13'S,16,TRUE,FALSE
8435495816775,AMBI PUR LIQUID RIM BAMBOO & LOTUS,Ambi Pur,Household & Cleaning,Disinfectants & Toilet Care,55ML,6,TRUE,FALSE
8435495816713,AMBI PUR LIQUID RIM LEMON & MANDARIN,Ambi Pur,Household & Cleaning,Disinfectants & Toilet Care,55ML,6,TRUE,FALSE
8435495816683,AMBI PUR LIQUID RIM TEA TREE & PINE,Ambi Pur,Household & Cleaning,Disinfectants & Toilet Care,55ML,6,TRUE,FALSE
8435495816744,AMBI PUR LIQUID RIM WILD ROSE & GRAPEFRUIT,Ambi Pur,Household & Cleaning,Disinfectants & Toilet Care,55ML,6,TRUE,FALSE
5056379587142,AMELIORATE 100ML SOOTH SCALP ESSENCE,Ameliorate,Skin Care,Treatments & Masks,100ML,6,TRUE,FALSE
5056307320278,AMELIORATE 100ML SOOTH SCALP ESSENCE,Ameliorate,Skin Care,Treatments & Masks,100ML,20,TRUE,FALSE
5056379587197,AMELIORATE 145ML TRANSFORM SPRAY,Ameliorate,Skin Care,Treatments & Masks,145ML,13,TRUE,FALSE
5056379587289,AMELIORATE 225ML CLEANS SCALP MASK,Ameliorate,Skin Care,Treatments & Masks,225ML,27,TRUE,FALSE
5056379587166,AMELIORATE 3 STEPS SMOOTH SKIN 3PC,Ameliorate,Skin Care,Treatments & Masks,3PC,12,TRUE,FALSE
5059883170466,AMELIORATE 30ML BALANC FACIAL MOIS,Ameliorate,Skin Care,Moisturisers,30ML,12,TRUE,FALSE
5056379587098,AMELIORATE 30ML INTEN SKIN THERAPY,Ameliorate,Skin Care,Treatments & Masks,30ML,110,TRUE,FALSE
5056379587081,AMELIORATE 75ML INTENS HAND THERAP,Ameliorate,Skin Care,Moisturisers,75ML,90,TRUE,FALSE
5056379596809,AMELIORATE 75ML RESTOR FACIAL MASK,Ameliorate,Skin Care,Treatments & Masks,75ML,6,TRUE,FALSE
5056379587241,AMELIORATE 75ML RESURFACE FACIAL MASK,Ameliorate,Skin Care,Treatments & Masks,75ML,86,TRUE,FALSE
738678001097,AMERICAN CREW 1000ML S/POO DETOX,American Crew,Hair Care,Shampoo,1000ML,12,TRUE,FALSE
3360373063697,AMOR AMOR 30ML EDT SPRAY,Cacharel,Fragrance,Perfume (EDP/EDT),30ML,48,TRUE,FALSE
5000309007743,ANADIN 01/26,Anadin,Pain Relief,Tablets & Capsules,12'S,12,TRUE,FALSE
5000309007682,ANADIN EXTRA 07/26,Anadin,Pain Relief,Tablets & Capsules,8'S,12,TRUE,FALSE
5000309007767,ANADIN PARACETAMOL 05/27,Anadin,Pain Relief,Tablets & Capsules,12'S,12,TRUE,FALSE
5029053576596,ANDREX WASHLETS ALOE VERA,Andrex,Household & Cleaning,Disinfectants & Toilet Care,36'S,12,TRUE,FALSE
5029053581866,ANDREX WASHLETS CLASSIC CLEAN 36ÕS,Andrex,Household & Cleaning,Disinfectants & Toilet Care,36'S,12,TRUE,FALSE
5029053576619,ANDREX WASHLETS FRAGRANCE FREE,Andrex,Household & Cleaning,Disinfectants & Toilet Care,36'S,12,TRUE,FALSE
5021813216582,ANIMAL HIGH BOUNCE BALL IN DISPLAY (R),Animal,"Home, Electrical & Lifestyle (Catch-all)",Toys & Misc,1 ball,12,TRUE,FALSE
5060991070746,ANOVIA BODY MIST COCONUT 31/01/27,Anovia,Fragrance,Body Mists,100ML,6,TRUE,FALSE
5060991070203,ANOVIA BODY MIST DUBAI DREAMS 11/26(D),Anovia,Fragrance,Body Mists,210ML,6,TRUE,FALSE
5060991070708,ANOVIA BODY MIST MELON TWIST 31/12/26,Anovia,Fragrance,Body Mists,100ML,6,TRUE,FALSE
5060991070722,ANOVIA BODY MIST TROPICAL 31/12/26,Anovia,Fragrance,Body Mists,100ML,6,TRUE,FALSE
5060991070562,ANOVIA BODY WASH SPA LILY AND ROSE 01/27,Anovia,Bath & Body,Body Wash & Shower,415ML,6,TRUE,FALSE
5060991070463,ANOVIA BODY WASH SPA ORIENTAL 30/11/26,Anovia,Bath & Body,Body Wash & Shower,415ML,6,TRUE,FALSE
5060991070548,ANOVIA BUBBLE BATH SPA LILY AND ROSE 31/10/26,Anovia,Bath & Body,Body Wash & Shower,415ML,6,TRUE,FALSE
5060991070449,ANOVIA BUBBLE BATH SPA ORIENTAL 31/10/26,Anovia,Bath & Body,Body Wash & Shower,415ML,6,TRUE,FALSE
5060991070081,ANOVIA CONDITIONER ARGAN&MARULA 02/27,Anovia,Hair Care,Conditioner,415ML,6,TRUE,FALSE
5060991070388,ANOVIA CONDITIONER AVOCADO 10/26,Anovia,Hair Care,Conditioner,415ML,6,TRUE,FALSE
5037378010862,ANOVIA CONDITIONER BIOTIN & COLLAGEN 03/27,Anovia,Hair Care,Conditioner,415ML,6,TRUE,FALSE
5037378008661,ANOVIA CONDITIONER COCONUT & COFFEE 10/26,Anovia,Hair Care,Conditioner,415ml,6,TRUE,FALSE
5037378010787,ANOVIA CONDITIONER COCONUT WATER 02/27,Anovia,Hair Care,Conditioner,415ML,6,TRUE,FALSE
5037378010909,ANOVIA CONDITIONER HYALURONIC ACID & COLLAGEN (D),Anovia,Hair Care,Conditioner,415ml,6,TRUE,FALSE
5037378010824,ANOVIA CONDITIONER KERATIN SMOOTH 03/27,Anovia,Hair Care,Conditioner,415ML,6,TRUE,FALSE
5060991070524,ANOVIA CONDITIONER SPA LILY AND ROSE 11/26,Anovia,Hair Care,Conditioner,415ML,6,TRUE,FALSE
5060991070425,ANOVIA CONDITIONER SPA ORIENTAL 31/10/26,Anovia,Hair Care,Conditioner,415ML,6,TRUE,FALSE
5037378010947,ANOVIA CONDITIONER VANILLA & MACADAMIA 10/26,Anovia,Hair Care,Conditioner,415ml,6,TRUE,FALSE
5060991070609,ANOVIA EPIBASE DAILY CREAM 01/27,Anovia,Skin Care,Moisturisers,450ML,6,TRUE,FALSE
5060991070623,ANOVIA EPIBASE DAILY CREAM OATMEAL 03/27,Anovia,Skin Care,Moisturisers,450ML,6,TRUE,FALSE
5060991070289,ANOVIA MICELLAR CLEANSING WATER 30/09/26,Anovia,Skin Care,Cleansers,200ML,6,TRUE,FALSE
5060991070685,ANOVIA MIRACLE 10 IN 1 GEL VITAMINS A/C/E 31/12/26,Anovia,Skin Care,Treatments & Masks,210ML,6,TRUE,FALSE
5060991070647,ANOVIA MIRACLE GEL ALOE VERA 31/12/26,Anovia,Skin Care,Treatments & Masks,210ML,6,TRUE,FALSE
5060991070661,ANOVIA MIRACLE GEL ROSE 31/12/26 (D),Anovia,Skin Care,Treatments & Masks,210ML,6,TRUE,FALSE
5060991070067,ANOVIA SHAMPOO ARGAN & MARULA 04/27,Anovia,Hair Care,Shampoo,415ML,6,TRUE,FALSE
5060991070364,ANOVIA SHAMPOO AVOCADO 01/27,Anovia,Hair Care,Shampoo,415ML,6,TRUE,FALSE
5037378010848,ANOVIA SHAMPOO BIOTIN & COLLAGEN 02/27,Anovia,Hair Care,Shampoo,415ML,6,TRUE,FALSE
5037378008654,ANOVIA SHAMPOO COCONUT & COFFEE 12/26,Anovia,Hair Care,Shampoo,415ml,6,TRUE,FALSE
5037378010763,ANOVIA SHAMPOO COCONUT WATER 02/27,Anovia,Hair Care,Shampoo,415ML,6,TRUE,FALSE
5037378010886,ANOVIA SHAMPOO HYALURONIC ACID & COLLAGEN (D) 10/26,Anovia,Hair Care,Shampoo,415ml,6,TRUE,FALSE
5037378010800,ANOVIA SHAMPOO KERATIN SMOOTH 03/27,Anovia,Hair Care,Shampoo,415ML,6,TRUE,FALSE
5060991070500,ANOVIA SHAMPOO SPA LILY AND ROSE 11/26,Anovia,Hair Care,Shampoo,415ML,6,TRUE,FALSE
5060991070401,ANOVIA SHAMPOO SPA ORIENTAL 31/10/26,Anovia,Hair Care,Shampoo,415ML,6,TRUE,FALSE
5037378010923,ANOVIA SHAMPOO VANILLA & MACADAMIA 10/26,Anovia,Hair Care,Shampoo,415ML,6,TRUE,FALSE
5020072959704,ANTIMICROBIAL HOUSEHOLD GLOVES (C),Antimicrobial Household,Household & Cleaning,Surface & Bathroom,MED,12,TRUE,FALSE
5025416000685,ANTIVIRAL DISINFECTANT CLEANING,Antiviral Disinfectant,Household & Cleaning,Disinfectants & Toilet Care,750ML,12,TRUE,FALSE
6091091001988,APOLLO CUP NOODLES CHICKEN 12/04/25,Apollo,Food & Drinks,Snacks & Confectionery,85G,12,TRUE,FALSE
6091091008369,APOLLO CUP NOODLES CURRY 10/04/25,Apollo,Food & Drinks,Snacks & Confectionery,85G,12,TRUE,FALSE
8016825929022,AQUAFRESH 100ML T/P TRIPLE PROTECTION,Aquafresh,Oral Care,Toothpaste,1,12,TRUE,FALSE
5054563128461,AQUAFRESH NAT 75ML T/P HERBAL,Aquafresh,Oral Care,Toothpaste,1,12,TRUE,FALSE
5054563123770,AQUAFRESH TOOTHBRUSH FLEX MEDIUM 08/28,Aquafresh,Oral Care,Toothbrushes & Tools,3PK,12,TRUE,FALSE
5054563121844,AQUAFRESH TOOTHBRUSH KIDS SOFT (C),Aquafresh,Oral Care,Toothbrushes & Tools,3PK,12,TRUE,FALSE
8054609780568,AQUOLINA P.SUGAR 100ML EDT SUNSHINE,Aquolina,Fragrance,Perfume (EDP/EDT),1,3,TRUE,FALSE
8054609782234,AQUOLINA PINK SUGAR 100ML EDT SPRAY,Aquolina,Fragrance,Perfume (EDP/EDT),1,3,TRUE,FALSE
22548006719,ARAMIS MEN 110ML EDT SPRAY,Aramis,Fragrance,Perfume (EDP/EDT),1,30,TRUE,FALSE
15012492000187,ARDELL & DUO MIXED DISPLAY 30PC,Ardell,Beauty & Cosmetics,Eye & Brow,1,1,TRUE,FALSE
74764615121,ARDELL BABY WISPIES LASHES BLACK,Ardell,Beauty & Cosmetics,Eye & Brow,4,72,TRUE,FALSE
74764650153,ARDELL DEMI PIXIES LASHES BROWN,Ardell,Beauty & Cosmetics,Eye & Brow,4,72,TRUE,FALSE
74764051349,ARDELL DOUBLE UP MASCARA VOLUME BLACK,Ardell,Beauty & Cosmetics,Eye & Brow,3,72,TRUE,FALSE
74764619150,ARDELL DOUBLE WISPIES,Ardell,Beauty & Cosmetics,Eye & Brow,4,72,TRUE,FALSE
74764614698,ARDELL EDGY LASHES 404,Ardell,Beauty & Cosmetics,Eye & Brow,4,72,TRUE,FALSE
74764618245,ARDELL EDGY LASHES 404,Ardell,Beauty & Cosmetics,Eye & Brow,1,72,TRUE,FALSE
74764686923,ARDELL EXTENSION FX B CURL,Ardell,Beauty & Cosmetics,Eye & Brow,4,72,TRUE,FALSE
74764686909,ARDELL EXTENSION FX L CURL,Ardell,Beauty & Cosmetics,Eye & Brow,4,72,TRUE,FALSE
74764657350,ARDELL FAUX MINK 811,Ardell,Beauty & Cosmetics,Eye & Brow,4,72,TRUE,FALSE
74764667632,ARDELL FAUX MINK DEMI WISPIES,Ardell,Beauty & Cosmetics,Eye & Brow,4,72,TRUE,FALSE
74764667649,ARDELL FAUX MINK WISPIES,Ardell,Beauty & Cosmetics,Eye & Brow,4,72,TRUE,FALSE
74764611390,ARDELL GLAMOUR LASHES 139 BLACK,Ardell,Beauty & Cosmetics,Eye & Brow,4,72,TRUE,FALSE
74764613103,ARDELL LASHES 113 BLACK DUO GLUE,Ardell,Beauty & Cosmetics,Eye & Brow,4,72,TRUE,FALSE
74764622105,ARDELL LASHES 122 BLACK DUO GLUE,Ardell,Beauty & Cosmetics,Eye & Brow,4,72,TRUE,FALSE
74764665232,ARDELL LASHES 174 NATURAL BLACK,Ardell,Beauty & Cosmetics,Eye & Brow,4,72,TRUE,FALSE
74764650108,ARDELL LASHES BLACK WITH DUO GLUE,Ardell,Beauty & Cosmetics,Eye & Brow,4,72,TRUE,FALSE
74764620101,ARDELL LASHES DEMI 120 BLACK DUO GLUE,Ardell,Beauty & Cosmetics,Eye & Brow,4,72,TRUE,FALSE
74764650122,ARDELL LASHES DEMI BLACK WITH GLUE,Ardell,Beauty & Cosmetics,Eye & Brow,4,72,TRUE,FALSE
74764704412,ARDELL LASHES MULTIPACK X4,Ardell,Beauty & Cosmetics,Eye & Brow,4,36,TRUE,FALSE
74764368546,ARDELL MAGNETIC GEL LINER BLACK,Ardell,Beauty & Cosmetics,Eye & Brow,1,3,TRUE,FALSE
74764704771,ARDELL NAKED LASHES 422,Ardell,Beauty & Cosmetics,Eye & Brow,4,72,TRUE,FALSE
74764623355,ARDELL NAKED LASHES 432,Ardell,Beauty & Cosmetics,Eye & Brow,4,72,TRUE,FALSE
74764350930,ARDELL P.M.FAUX MINK LASHES 817,Ardell,Beauty & Cosmetics,Eye & Brow,4,72,TRUE,FALSE
74764561831,ARDELL P.M.INDIVIDUAL LASHES COMBO BLK,Ardell,Beauty & Cosmetics,Eye & Brow,4,72,TRUE,FALSE
74764561824,ARDELL P.M.INDIVIDUAL LASHES LONG BLK,Ardell,Beauty & Cosmetics,Eye & Brow,4,72,TRUE,FALSE
74764561817,ARDELL P.M.INDIVIDUAL LASHES MEDIUM BLK,Ardell,Beauty & Cosmetics,Eye & Brow,4,72,TRUE,FALSE
74764561800,ARDELL P.M.INDIVIDUAL LASHES SHORT BLK,Ardell,Beauty & Cosmetics,Eye & Brow,4,72,TRUE,FALSE
74764622167,ARDELL P.M.LASHES 110,Ardell,Beauty & Cosmetics,Eye & Brow,4,72,TRUE,FALSE
74764622150,ARDELL P.M.LASHES DEMI WISPIES,Ardell,Beauty & Cosmetics,Eye & Brow,4,72,TRUE,FALSE
74764622143,ARDELL P.M.LASHES WISPIES,Ardell,Beauty & Cosmetics,Eye & Brow,4,72,TRUE,FALSE
74764489425,ARDELL P.M.MEGAHOLD LASHES 050,Ardell,Beauty & Cosmetics,Eye & Brow,4,72,TRUE,FALSE
74764489449,ARDELL P.M.MEGAHOLD LASHES 052,Ardell,Beauty & Cosmetics,Eye & Brow,4,72,TRUE,FALSE
74764489487,ARDELL P.M.MEGAHOLD LASHES 054,Ardell,Beauty & Cosmetics,Eye & Brow,4,72,TRUE,FALSE
74764489470,ARDELL P.M.MEGAHOLD LASHES 110,Ardell,Beauty & Cosmetics,Eye & Brow,4,72,TRUE,FALSE
74764649256,ARDELL P.M.NAKED LASHES 420,Ardell,Beauty & Cosmetics,Eye & Brow,4,72,TRUE,FALSE
74764649270,ARDELL P.M.NAKED LASHES 422,Ardell,Beauty & Cosmetics,Eye & Brow,4,72,TRUE,FALSE
74764649287,ARDELL P.M.NAKED LASHES 423,Ardell,Beauty & Cosmetics,Eye & Brow,4,72,TRUE,FALSE
74764649294,ARDELL P.M.NAKED LASHES 424,Ardell,Beauty & Cosmetics,Eye & Brow,4,72,TRUE,FALSE
74764650245,ARDELL RUNWAY DAISY BROWN LASHES,Ardell,Beauty & Cosmetics,Eye & Brow,4,72,TRUE,FALSE
74764616142,ARDELL SOFT TOUCH LASHES 163,Ardell,Beauty & Cosmetics,Eye & Brow,4,52,TRUE,FALSE
74764331847,ARDELL WISPIES LASHES 703,Ardell,Beauty & Cosmetics,Eye & Brow,4,72,TRUE,FALSE
812256021674,ARIANA GRANDE ARI 236ML B/MIST,Ariana Grande,Fragrance,Body Mists,3,24,TRUE,FALSE
812256023104,ARIANA GRANDE MOONLIGHT 236ML B/MIST,Ariana Grande,Fragrance,Body Mists,3,24,TRUE,FALSE
812256022381,ARIANA GRANDE SWEET CANDY 236ML B/MIST,Ariana Grande,Fragrance,Body Mists,3,24,TRUE,FALSE
812256025269,ARIANA GRANDE THANK U NEXT 236ML B/MIST,Ariana Grande,Fragrance,Body Mists,3,24,TRUE,FALSE
8006540042892,ARIEL 1.625KG POWDER REG 25W (EN LABEL),Ariel,Laundry & Fabric Care,Detergents & Pods,1,4,TRUE,FALSE
5060033822029,ARIEL LAUNDRY CLEANSER WITH LENOR FRESHNESS,Ariel,Laundry & Fabric Care,Detergents & Pods,1LTR,5,TRUE,FALSE
8006540899144,ARIEL ORIGINAL ALL IN 1 PODS (D),Ariel,Laundry & Fabric Care,Detergents & Pods,13WASH,4,TRUE,FALSE
8006540963418,ARIEL PODS PLATINUM & FEBREZE (C),Ariel,Laundry & Fabric Care,Detergents & Pods,19WASH,4,TRUE,FALSE
8006540898864,ARIEL PODS WASHING CAPSULES COLOUR ALL IN 1 (D),Ariel,Laundry & Fabric Care,Detergents & Pods,13WASH,4,TRUE,FALSE
5060033822944,ARIEL WASHING MACHINE CLEANER WITH LENOR,Ariel,Household & Cleaning,Surface & Bathroom,250ML,10,TRUE,FALSE
5011299100154,ARISTOWAX 225ML FURNITURE POLISH WOOD,Aristowax,Household & Cleaning,Surface & Bathroom,1,6,TRUE,FALSE
5011299100116,ARISTOWAX 225ML LEATHER POLISH SILK,Aristowax,Household & Cleaning,Surface & Bathroom,1,6,TRUE,FALSE
5011299100024,ARISTOWAX 300ML 2IN1 FURNITURE POLISH,Aristowax,Household & Cleaning,Surface & Bathroom,1,12,TRUE,FALSE
5010724519783,ARM & HAMMER T/P SENSITIVE PRO ENAMEL (C) 31/12/25,Arm & Hammer,Oral Care,Toothpaste,75ML,12,TRUE,FALSE
6085010094151,ARMAF CLUB DE NUIT 105ML EDP,Armaf,Fragrance,Perfume (EDP/EDT),12,48,TRUE,FALSE
6294015158816,ARMAF CLUB NUIT 30ML EDP SPRAY,Armaf,Fragrance,Perfume (EDP/EDT),12,48,TRUE,FALSE
6085010044712,ARMAF CLUB NUIT INT 105ML EDT SPRY,Armaf,Fragrance,Perfume (EDP/EDT),12,48,TRUE,FALSE
3614273070232,ARMANI EMPORIO HE 50ML EDT SPRAY,Armani,Fragrance,Perfume (EDP/EDT),1,40,TRUE,FALSE
3614273070263,ARMANI EMPORIO SHE 50ML EDP SPRAY,Armani,Fragrance,Perfume (EDP/EDT),1,40,TRUE,FALSE
3614272907676,ARMANI MY WAY 50ML EDP SPRAY,Armani,Fragrance,Perfume (EDP/EDT),1,30,TRUE,FALSE
642498014192,AROMA ACTIVE LAB 100ML MASSAGE OIL,Aroma,Health & OTC Medicines,Ear/Eye/Skin & Other OTC,1,24,TRUE,FALSE
642498018589,AROMA ACTIVE LAB 15ML CREAM LIGHT,Aroma,Health & OTC Medicines,Ear/Eye/Skin & Other OTC,100,200,TRUE,FALSE
642498014154,AROMA ACTIVE LAB 50ML CHEST RUB,Aroma,Health & OTC Medicines,Ear/Eye/Skin & Other OTC,4,48,TRUE,FALSE
5060193938011,AROMA COFFEE SYRUP CARAMEL 05/02/25,Aroma,Food & Drinks,Sweeteners,66ML,6,TRUE,FALSE
5060193938035,AROMA COFFEE SYRUP HAZELNUT 11/12/24,Aroma,Food & Drinks,Sweeteners,66ML,6,TRUE,FALSE
5060193938059,AROMA COFFEE SYRUP VANILLA 05/03/25,Aroma,Food & Drinks,Sweeteners,66ML,6,TRUE,FALSE
642498002120,AROMATHERAPY ASSOC 100ML F/SCRUB MATTE,Aromatherapy Associates,Skin Care,Treatments & Masks,4,24,TRUE,FALSE
642498002137,AROMATHERAPY ASSOC 100ML FACE MASK HYDRA,Aromatherapy Associates,Skin Care,Treatments & Masks,6,24,TRUE,FALSE
642498000379,AROMATHERAPY ASSOC 100ML REPAIR MASK,Aromatherapy Associates,Skin Care,Treatments & Masks,4,24,TRUE,FALSE
642498001345,AROMATHERAPY ASSOCIATES 100ML BALM,Aromatherapy Associates,Skin Care,Moisturisers,6,24,TRUE,FALSE
642498005749,AROMATHERAPY ASSOCIATES 15ML EYE ZONE,Aromatherapy Associates,Skin Care,Moisturisers,1,48,TRUE,FALSE
5060283070409,AROMAWORKS INSPIRE 100ML ROOM&LINEN,Aromaworks,Household & Cleaning,Air Fresheners,1,6,TRUE,FALSE
5060283070379,AROMAWORKS NURTURE 100ML ROOM&LINEN,Aromaworks,Household & Cleaning,Air Fresheners,1,60,TRUE,FALSE
5060283070393,AROMAWORKS SERENITY 100ML ROOM&LINEN,Aromaworks,Household & Cleaning,Air Fresheners,1,6,TRUE,FALSE
5055566909187,AROUND HOME HANGING PEG BAG,Around Home,Household & Cleaning,Surface & Bathroom,1,24,TRUE,FALSE
5056175971701,AROUND HOME SOFT GRIP GEL PEGS 10PK,Around Home,Household & Cleaning,Surface & Bathroom,1,24,TRUE,FALSE
5054070381021,ASDA BUMPER AND TRIM RESTORER (C),Asda,"Home, Electrical & Lifestyle (Catch-all)",Home & Electrical,400ML,3,TRUE,FALSE
8411582889525,ASEVI 1380ML FAB SOFT BLUE SKY 60W,Asevi,Laundry & Fabric Care,Fabric Care,1,10,TRUE,FALSE
8411582875030,ASEVI 1380ML FAB SOFT PINK 60W,Asevi,Laundry & Fabric Care,Fabric Care,1,10,TRUE,FALSE
8411582889716,ASEVI 1380ML FAB SOFT ROSE 60W,Asevi,Laundry & Fabric Care,Fabric Care,1,10,TRUE,FALSE
8411582889556,ASEVI 1380ML FAB SOFT SENS 60W,Asevi,Laundry & Fabric Care,Fabric Care,1,10,TRUE,FALSE
8411582881147,ASEVI 1380ML FABRIC COND BABY 60W,Asevi,Laundry & Fabric Care,Fabric Care,1,10,TRUE,FALSE
8411582875023,ASEVI 1L FLOOR CLEANER CIAN,Asevi,Household & Cleaning,Surface & Bathroom,1,12,TRUE,FALSE
8411582875016,ASEVI 1L FLOOR CLEANER MIO,Asevi,Household & Cleaning,Surface & Bathroom,1,12,TRUE,FALSE
8411582875009,ASEVI 1L FLOOR CLEANER ORANGE,Asevi,Household & Cleaning,Surface & Bathroom,1,12,TRUE,FALSE
8411582876143,ASEVI 1L FLOOR CLEANER PET,Asevi,Household & Cleaning,Surface & Bathroom,1,12,TRUE,FALSE
8411582881130,ASEVI 1L FLOOR CLEANER PH NEUTRAL,Asevi,Household & Cleaning,Surface & Bathroom,1,12,TRUE,FALSE
8411582875078,ASEVI 1L FLOOR DISINFECTANT,Asevi,Household & Cleaning,Disinfectants & Toilet Care,1,12,TRUE,FALSE
8411582889464,ASEVI 2280ML LIQ DETERGENT COL 40W,Asevi,Laundry & Fabric Care,Detergents & Pods,1,5,TRUE,FALSE
8411582889563,ASEVI 2376ML LIQ DET OCEAN 44W,Asevi,Laundry & Fabric Care,Detergents & Pods,1,5,TRUE,FALSE
8411582889679,ASEVI 2376ML LIQ DETERGENT MAR 44W,Asevi,Laundry & Fabric Care,Detergents & Pods,1,5,TRUE,FALSE
8411582889471,ASEVI 2376ML LIQ DETERGNT FRSH 44W,Asevi,Laundry & Fabric Care,Detergents & Pods,1,5,TRUE,FALSE
8411582889655,ASEVI 2376ML LIQ DETERGNT ROSE 44W,Asevi,Laundry & Fabric Care,Detergents & Pods,1,5,TRUE,FALSE
8411582875092,ASEVI 400ML A/FRESH SPRAY BREEZE,Asevi,Household & Cleaning,Air Fresheners,1,12,TRUE,FALSE
8411582889402,ASEVI 400ML A/FRESH SPRAY JASMINE,Asevi,Household & Cleaning,Air Fresheners,1,12,TRUE,FALSE
8411582875108,ASEVI 400ML A/FRESH SPRAY SPRING,Asevi,Household & Cleaning,Air Fresheners,1,12,TRUE,FALSE
8411582889501,ASEVI 720ML BATHROOM SPRAY,Asevi,Household & Cleaning,Disinfectants & Toilet Care,1,12,TRUE,FALSE
8411582875061,ASEVI 720ML GREASE DISINFECT SPRAY,Asevi,Household & Cleaning,Disinfectants & Toilet Care,1,12,TRUE,FALSE
8411582889457,ASEVI 720ML LIQ LAUNDRY BLUE 36W,Asevi,Laundry & Fabric Care,Detergents & Pods,1,10,TRUE,FALSE
8411582889587,ASEVI 720ML LIQ LAUNDRY GREEN 36W,Asevi,Laundry & Fabric Care,Detergents & Pods,1,10,TRUE,FALSE
8411582889631,ASEVI 720ML LIQ LAUNDRY PINK 36W,Asevi,Laundry & Fabric Care,Detergents & Pods,1,10,TRUE,FALSE
8411582875054,ASEVI 720ML STAIN REMOVER SPRAY,Asevi,Laundry & Fabric Care,Stain Removers,1,12,TRUE,FALSE
8411582875085,ASEVI 750ML MULTI DISINFECT SPRAY,Asevi,Household & Cleaning,Disinfectants & Toilet Care,1,12,TRUE,FALSE
8411582889709,ASEVI MAX 2500ML BRIGHT DETERG 50W,Asevi,Laundry & Fabric Care,Detergents & Pods,1,5,TRUE,FALSE
8411582889600,ASEVI MAX 2500ML DETERGENT 50W,Asevi,Laundry & Fabric Care,Detergents & Pods,1,5,TRUE,FALSE
8411582889594,ASEVI MAX 2500ML POWER DETERG 50W,Asevi,Laundry & Fabric Care,Detergents & Pods,1,5,TRUE,FALSE
8411582889662,ASEVI SENS 1.32L FAB SOFT DRM 60W,Asevi,Laundry & Fabric Care,Fabric Care,1,10,TRUE,FALSE
8411582875115,ASEVI SENS 1.32L FAB SOFT ENRG 60W,Asevi,Laundry & Fabric Care,Fabric Care,1,10,TRUE,FALSE
8411582875122,ASEVI SENS 1.32L FAB SOFT PAS 60W,Asevi,Laundry & Fabric Care,Fabric Care,1,10,TRUE,FALSE
8411582875047,ASEVI SENS 1.32L FAB SOFT ZEN 60W,Asevi,Laundry & Fabric Care,Fabric Care,1,10,TRUE,FALSE
5024071250282,ASPAR CETIRIZINE HAYFEVER AND ALLERGY 30/04/26,Aspar,Health & OTC Medicines,"Cold, Flu & Allergy",14'S,12,TRUE,FALSE
5024071280012,ASPAR POWDERS HOT LEMON 05/26 (D),Aspar,Health & OTC Medicines,"Cold, Flu & Allergy",10'S,12,TRUE,FALSE
3614229832259,ASPEN EDC,Aspen,Fragrance,Perfume (EDP/EDT),118ML,1,TRUE,FALSE
5060060211025,ASTONISH 150G OVEN & COOK CLEAN,Astonish,Household & Cleaning,Surface & Bathroom,1,12,TRUE,FALSE
5060060212916,ASTONISH 2X40G TOILET BLOCK LEMON,Astonish,Household & Cleaning,Disinfectants & Toilet Care,1,9,TRUE,FALSE
5060060212336,ASTONISH 300ML DISINFECT FRESH,Astonish,Household & Cleaning,Disinfectants & Toilet Care,1,12,TRUE,FALSE
5060060212374,ASTONISH 300ML DISINFECT MORNING,Astonish,Household & Cleaning,Disinfectants & Toilet Care,1,12,TRUE,FALSE
5060060213517,ASTONISH 350G SHAKE&FRESH LEMON,Astonish,Household & Cleaning,Air Fresheners,1,12,TRUE,FALSE
5060060213319,ASTONISH 400ML SHOWER CREME FLORAL,Astonish,Bath & Body,Body Wash & Shower,1,12,TRUE,FALSE
5060060213289,ASTONISH 450G CLEAN PASTE THING,Astonish,Household & Cleaning,Surface & Bathroom,1,6,TRUE,FALSE
5060060212794,ASTONISH 500G POWER CLEANING PASTE,Astonish,Household & Cleaning,Surface & Bathroom,1,12,TRUE,FALSE
5060060211612,ASTONISH 500ML CREAM BLEACH,Astonish,Laundry & Fabric Care,Detergents & Pods,1,12,TRUE,FALSE
5060060212565,ASTONISH 550ML DISINFECT MORNING,Astonish,Household & Cleaning,Disinfectants & Toilet Care,1,12,TRUE,FALSE
5060060212626,ASTONISH 550ML DISINFECT ROSES,Astonish,Household & Cleaning,Disinfectants & Toilet Care,1,12,TRUE,FALSE
65060060211836,ASTONISH 6X600ML H/WSH ALOE £1.49,Astonish,Bath & Body,Body Wash & Shower,1,1,TRUE,FALSE
65060060211775,ASTONISH 6X600ML H/WSH ORIG £1.49,Astonish,Bath & Body,Body Wash & Shower,1,1,TRUE,FALSE
65060060212079,ASTONISH 6X600ML H/WSH VIT E £1.49,Astonish,Bath & Body,Body Wash & Shower,1,1,TRUE,FALSE
65060060212512,ASTONISH 6X750ML ANTI PMP £1.49,Astonish,Household & Cleaning,Surface & Bathroom,1,1,TRUE,FALSE
55060060210610,ASTONISH 6X750ML CLEAN BATH £1.49,Astonish,Household & Cleaning,Surface & Bathroom,1,1,TRUE,FALSE
55060060210795,ASTONISH 6X750ML KITCHEN £1.49,Astonish,Household & Cleaning,Surface & Bathroom,1,1,TRUE,FALSE
55060060210597,ASTONISH 6X750ML MULTI-PURP £1.49,Astonish,Household & Cleaning,Surface & Bathroom,1,1,TRUE,FALSE
35060060210210,ASTONISH 6X750ML WINDOW £1.49,Astonish,Household & Cleaning,Surface & Bathroom,1,1,TRUE,FALSE
5060060212510,ASTONISH 750ML ANTIBAC SURFACE,Astonish,Household & Cleaning,Disinfectants & Toilet Care,1,12,TRUE,FALSE
48256297164,ASTONISH 750ML CLEANER BATHROOM,Astonish,Household & Cleaning,Surface & Bathroom,1,12,TRUE,FALSE
5060060212701,ASTONISH 750ML FABRIC FRESHENER,Astonish,Household & Cleaning,Air Fresheners,1,12,TRUE,FALSE
48256296181,ASTONISH 750ML KITCHEN SPRAY LEMON,Astonish,Household & Cleaning,Surface & Bathroom,1,12,TRUE,FALSE
48256299557,ASTONISH 750ML MOULD REMOVER,Astonish,Household & Cleaning,Surface & Bathroom,1,12,TRUE,FALSE
48256219456,ASTONISH 750ML MULTI-PURPOSE CLEAN,Astonish,Household & Cleaning,Surface & Bathroom,1,12,TRUE,FALSE
5060060210219,ASTONISH 750ML WINDOW&GLASS,Astonish,Household & Cleaning,Surface & Bathroom,1,12,TRUE,FALSE
5060060212329,ASTONISH 950ML B/SOAK GLOW £1.99,Astonish,Bath & Body,Body Wash & Shower,1,12,TRUE,FALSE
5060060212978,ASTONISH ANTIBAC HAND WASH RASPBERRY RIPPLE 03/28,Astonish,Bath & Body,Body Wash & Shower,600ML,12,TRUE,FALSE
5060060213708,ASTONISH BATH SOAK DEEP BLUE 27/03/28,Astonish,Bath & Body,Body Wash & Shower,750ML,8,TRUE,FALSE
5060060213722,ASTONISH BATH SOAK GOLDEN GLOW 24/04/28,Astonish,Bath & Body,Body Wash & Shower,750ML,8,TRUE,FALSE
5060060213739,ASTONISH BATH SOAK PINK PARADISE 02/04/28,Astonish,Bath & Body,Body Wash & Shower,750ML,8,TRUE,FALSE
5060060212305,ASTONISH BODY 950ML B/SOAK BLUE,Astonish,Bath & Body,Body Wash & Shower,1,12,TRUE,FALSE
5060060212312,ASTONISH BODY 950ML B/SOAK GREEN,Astonish,Bath & Body,Body Wash & Shower,1,12,TRUE,FALSE
5060060211834,ASTONISH CARE 600ML H/WASH ALOE,Astonish,Bath & Body,Body Wash & Shower,1,12,TRUE,FALSE
5060060212244,ASTONISH CARE 600ML H/WASH MILK,Astonish,Bath & Body,Body Wash & Shower,1,12,TRUE,FALSE
5060060211773,ASTONISH CARE 600ML H/WASH ORIG,Astonish,Bath & Body,Body Wash & Shower,1,12,TRUE,FALSE
5060060212466,ASTONISH CARE 600ML H/WASH PEONY,Astonish,Bath & Body,Body Wash & Shower,1,12,TRUE,FALSE
5060060212077,ASTONISH CARE 600ML H/WASH VIT E,Astonish,Bath & Body,Body Wash & Shower,1,12,TRUE,FALSE
5060060211087,ASTONISH CARPET & UPHOLSTERY SPECIALIST 18/04/26,Astonish,Household & Cleaning,Surface & Bathroom,750ML,12,TRUE,FALSE
5060060212480,ASTONISH CONCENTRATED DISINFECTANT PINK 23/02/27,Astonish,Household & Cleaning,Disinfectants & Toilet Care,300ML,12,TRUE,FALSE
5060060211605,ASTONISH CREAM CLEANER LEMON FRESH 04/03/28,Astonish,Household & Cleaning,Surface & Bathroom,500ML,12,TRUE,FALSE
5060060210738,ASTONISH D/WASHER TABS LEMON 100'S,Astonish,Household & Cleaning,Surface & Bathroom,1,4,TRUE,FALSE
48256221800,ASTONISH D/WASHER TABS LEMON 42'S,Astonish,Household & Cleaning,Surface & Bathroom,1,8,TRUE,FALSE
5060060212497,ASTONISH DAILY 750ML SHOWER CLEAN,Astonish,Household & Cleaning,Surface & Bathroom,1,12,TRUE,FALSE
48256210316,ASTONISH DAILY 750ML SHOWER CLEAN,Astonish,Household & Cleaning,Surface & Bathroom,1,12,TRUE,FALSE
5060060212367,ASTONISH DISINFECTANT CONC LEMON 28/01/28,Astonish,Household & Cleaning,Disinfectants & Toilet Care,300ML,12,TRUE,FALSE
5060060211117,ASTONISH FABRIC REFRESHER COTTON FRESH 30/01/28,Astonish,Household & Cleaning,Air Fresheners,750ML,12,TRUE,FALSE
5060060212633,ASTONISH FIZZ&FRESH TOILET TABS 8S,Astonish,Household & Cleaning,Disinfectants & Toilet Care,1,12,TRUE,FALSE
5060060213296,ASTONISH H&B 400ML S/GEL&S/POO MEN,Astonish,Bath & Body,Body Wash & Shower,1,12,TRUE,FALSE
5060060212551,ASTONISH LAUNDRY CLEANSER PROTECT + CARE 05/11/27,Astonish,Laundry & Fabric Care,Detergents & Pods,1LTR,12,TRUE,FALSE
5060060213043,ASTONISH OXY FABRIC STAIN REMOVER NON BIO 08/4/28,Astonish,Laundry & Fabric Care,Stain Removers,625GM,12,TRUE,FALSE
5060060212947,ASTONISH OXY FABRIC STAIN REMOVER TRIG 23/11/25,Astonish,Laundry & Fabric Care,Stain Removers,750ML,12,TRUE,FALSE
5060060212527,ASTONISH RTU DISINFECTANT LINEN FRESH 18/3/28,Astonish,Household & Cleaning,Disinfectants & Toilet Care,550ML,12,TRUE,FALSE
5060060213524,ASTONISH SHAKE & FRESH PINK BLOSS CARPET 26/03/28,Astonish,Household & Cleaning,Air Fresheners,350GM,12,TRUE,FALSE
5060060212022,ASTONISH SHAMPOO VAC MAXX CARPET MACHINE 21/03/28,Astonish,Household & Cleaning,Surface & Bathroom,1L,12,TRUE,FALSE
5060060213470,ASTONISH SHOWER CREAM COCONUT 08/05/28,Astonish,Bath & Body,Body Wash & Shower,400ML,12,TRUE,FALSE
5060060213302,ASTONISH SHOWER GEL KIDS 2 IN 1 22/11/27,Astonish,Bath & Body,Body Wash & Shower,400ML,12,TRUE,FALSE
5060060211643,ASTONISH SPECIAL 350G CLEAN&REVIVE,Astonish,Household & Cleaning,Surface & Bathroom,1,12,TRUE,FALSE
5060060211674,ASTONISH SPECIAL 500ML CLEANER HOB,Astonish,Household & Cleaning,Surface & Bathroom,1,6,TRUE,FALSE
5060060210981,ASTONISH SPECIALIST OVEN & GRILL CLEANER,Astonish,Household & Cleaning,Surface & Bathroom,250G,6,TRUE,FALSE
5060060213784,ASTONISH THE ORIGINAL PINK PASTE,Astonish,Household & Cleaning,Surface & Bathroom,500GM,12,TRUE,FALSE
5060060212695,ASTONISH TOILET BOWL TABS EUC 8'S,Astonish,Household & Cleaning,Disinfectants & Toilet Care,1,12,TRUE,FALSE
5060060212732,ASTONISH TOILET BOWL TABS LEM 8'S,Astonish,Household & Cleaning,Disinfectants & Toilet Care,1,12,TRUE,FALSE
5060060213760,ASTONISH TOILET GEL OCEAN FRESH 02/05/28,Astonish,Household & Cleaning,Disinfectants & Toilet Care,750ML,12,TRUE,FALSE
5060060213593,ASTONISH TOILET GEL PINK PEONY 08/05/28,Astonish,Household & Cleaning,Disinfectants & Toilet Care,750ML,12,TRUE,FALSE
5060060213272,ASTONISH WHITE VINEGAR GARDENIA&VANILLA 18/04/26,Astonish,Household & Cleaning,Surface & Bathroom,750ML,12,TRUE,FALSE
5025766144855,ASTROPLAST FIRST AID KIT 90PC,Astroplast,First Aid & Medical Devices,Tests & Devices,1,20,TRUE,FALSE
5050895089180,ATHENA BATH BRUSH LONG HANDLE (R),Athena,Bath & Body,Body Moisturisers,1 piece,12,TRUE,FALSE
5050895076081,ATHENA BODY BRUSH/MASSAGE/PUMICE 3,Athena,Bath & Body,Body Moisturisers,1 unit,12,TRUE,FALSE
5050895089128,ATHENA BODY SPONGE MESH (R),Athena,Bath & Body,Body Moisturisers,3PK,12,TRUE,FALSE
5050895101431,ATHENA COTTON BALLS COLOURED (R),Athena,Skin Care,Cleansers,100'S,12,TRUE,FALSE
5050895101417,ATHENA COTTON BALLS WHITE (R),Athena,Skin Care,Cleansers,100'S,12,TRUE,FALSE
5050895205047,ATHENA COTTON BALLS WHITE (R),Athena,Skin Care,Cleansers,200'S,12,TRUE,FALSE
5050895247450,ATHENA COTTON BUDS PAPER STEM (R),Athena,Skin Care,Cleansers,200'S,12,TRUE,FALSE
5050895247443,ATHENA COTTON BUDS PAPER STEM TUB (R),Athena,Skin Care,Cleansers,100'S,12,TRUE,FALSE
5050895097345,ATHENA COTTON COSMETIC PADS (R),Athena,Skin Care,Cleansers,80'S,12,TRUE,FALSE
5050895097369,ATHENA COTTON COSMETIC PADS (R),Athena,Skin Care,Cleansers,120'S,12,TRUE,FALSE
5050895240635,ATHENA COTTON OVAL COSMETIC PADS (R),Athena,Skin Care,Cleansers,50'S,12,TRUE,FALSE
5050895121910,ATHENA COTTON WOOL PLEAT (R),Athena,Skin Care,Cleansers,130GM,12,TRUE,FALSE
5050895074636,ATHENA EXFOLIATING GLOVES,Athena,Skin Care,Treatments & Masks,2PK,24,TRUE,FALSE
5050895089142,ATHENA MESH BATH BRUSH W/HANDLE (R),Athena,Bath & Body,Body Moisturisers,1 piece,12,TRUE,FALSE
5050895061001,ATHENA NAIL BRUSH PLASTIC,Athena,Beauty & Cosmetics,Nail & Accessories,1 unit,12,TRUE,FALSE
5050895061025,ATHENA NAIL BRUSH WOODEN,Athena,Beauty & Cosmetics,Nail & Accessories,1 piece,12,TRUE,FALSE
5050895242530,ATHENA PEDICURE 4 IN 1 TOOL,Athena,Beauty & Cosmetics,Nail & Accessories,1 unit,12,TRUE,FALSE
5050895242554,ATHENA PLASTIC NAIL BRUSHES (R),Athena,Beauty & Cosmetics,Nail & Accessories,3PK,12,TRUE,FALSE
5050895213332,ATHENA SHOWER CAPS,Athena,Bath & Body,Body Moisturisers,4PK,12,TRUE,FALSE
3701129805343,ATODERM CREAM ULTRA PUMP 500ML,Bioderma,Skin Care,Moisturisers,500ml bottle,12,TRUE,FALSE
3701129805329,ATODERM CREAM ULTRA TUBE 200ML,Bioderma,Skin Care,Moisturisers,200ml tube,12,TRUE,FALSE
3701129804193,ATODERM HAND CREAM TUBE 50ML,Bioderma,Skin Care,Moisturisers,50ml tube,12,TRUE,FALSE
3701129801963,ATODERM INT. EYE TUBE 100ML (NEW) Daily 3-in-1 anti irritation care,Bioderma,Skin Care,Moisturisers,100ml tube,12,TRUE,FALSE
3401560936988,ATODERM INT. FOAMING GEL PUMP 200ML,Bioderma,Skin Care,Cleansers,200ml bottle,12,TRUE,FALSE
3401560969757,ATODERM INT. FOAMING GEL PUMP 500ML,Bioderma,Skin Care,Cleansers,500ml pump bottle,12,TRUE,FALSE
5709455009020,AUS BODYCARE 200ML FACE CREAM TEA TREE,Aus Bodycare,Skin Care,Treatments & Masks,1,12,TRUE,FALSE
5709455009129,AUS BODYCARE 200ML FOOT GEL TEA TREE,Aus Bodycare,Skin Care,Treatments & Masks,1,12,TRUE,FALSE
5709455009044,AUS BODYCARE 250ML FACE TONIC TEA TREE,Aus Bodycare,Skin Care,Cleansers,1,12,TRUE,FALSE
8001841959702,AUSSIE 200ML COND KOALA NOURISH&PROTECT,Aussie,Hair Care,Conditioner,1,6,TRUE,FALSE
8001841396828,AUSSIE 250ML COND NOURISH,Aussie,Hair Care,Conditioner,1,6,TRUE,FALSE
8006540653388,AUSSIE 3 MINUTE MIRACLE 225ML FRIZ,Aussie,Hair Care,Conditioner,1,6,TRUE,FALSE
8006540004814,AUSSIE 3 MINUTE MIRACLE 225ML L/HAIR,Aussie,Hair Care,Conditioner,1,6,TRUE,FALSE
8006540004722,AUSSIE 3 MINUTE MIRACLE 225ML SOS,Aussie,Hair Care,Conditioner,1,6,TRUE,FALSE
5410076390458,AUSSIE 300ML S/POO COLOUR MATE,Aussie,Hair Care,Shampoo,1,6,TRUE,FALSE
5410076390427,AUSSIE 300ML S/POO MEGA,Aussie,Hair Care,Shampoo,1,6,TRUE,FALSE
8001090645432,AUSSIE G'NIGHT 70ML SLEEP IN SERUM,Aussie,Hair Care,Styling & Treatments,1,6,TRUE,FALSE
5060564174024,AUTOCARE ALL SEASONS SCREENWASH (D),Autocare,"Home, Electrical & Lifestyle (Catch-all)",Home & Electrical,1LTR,6,TRUE,FALSE
5060564173157,AUTOCARE RED READY USE ANTI FREEZE (D),Autocare,"Home, Electrical & Lifestyle (Catch-all)",Home & Electrical,1LTR,6,TRUE,FALSE
3574661482378,AVEENO 300ML YOGHURT LOTION APRIC,Aveeno,Skin Care,Moisturisers,6,24,TRUE,FALSE
3574661288826,AVEENO AFTER-SHOWER MIST 1,Other,Skin Care,Moisturisers,200ml bottle,,TRUE,FALSE
140122716400,AVEENO APPLE CIDER VINEGAR BLEND SHAMPOO FOR CLARIFY AND SHINE 12 OZ,Aveeno,Hair Care,Shampoo,Not specified,,TRUE,FALSE
3574661652238,AVEENO BABY CREAM (C),Aveeno,Baby & Child,Baby Toiletries,75ML,6,TRUE,FALSE
3574661490212,AVEENO DAILY MOIST 300ML B/WASH,Aveeno,Skin Care,Moisturisers,6,24,TRUE,FALSE
3574661321523,AVEENO DAILY MOIST 300ML B/WASH APRICOT,Aveeno,Skin Care,Moisturisers,6,24,TRUE,FALSE
902372093782,AVEENO FRESH GREENS BLEND REFRESH AND THICKEN SHAMPOO 12 FL OZ,Aveeno,Hair Care,Shampoo,Not specified,,TRUE,FALSE
100372974630,AVEENO FRESH GREENS BLEND: REVITALIZE AND STRENGTHEN  SHAMPOO - 12O,Aveeno,Hair Care,Shampoo,Unknown size,,TRUE,FALSE
350881990489,AVEENO SCALP SOOTHING OAT MILK BLEND SHAMPOO,Aveeno,Hair Care,Shampoo,Unknown,,TRUE,FALSE
3574661646992,AVEENO SKIN RELIEF 200ML BODY OIL SPRAY,Aveeno,Skin Care,Moisturisers,3,12,TRUE,FALSE
3574660325492,AVEENO SKIN RELIEF 200ML LOTION,Aveeno,Skin Care,Moisturisers,1,6,TRUE,FALSE
3574661249926,AVEENO SKIN RELIEF 300ML S/POO SOOTH,Aveeno,Hair Care,Shampoo,6,24,TRUE,FALSE
3574661593593,AVEENO SKIN RELIEF 500ML MOIST LOTION,Aveeno,Skin Care,Moisturisers,4,12,TRUE,FALSE
3574661493633,AVEENO SKIN RELIEF 75ML H/CREAM,Aveeno,Skin Care,Moisturisers,1,6,TRUE,FALSE
5022545118106,AVENGERS 300ML H/WASH,Avengers,Bath & Body,Body Wash & Shower,6,36,TRUE,FALSE
5016221202500,AVENGERS 300ML M/WASH,Avengers,Bath & Body,Body Wash & Shower,1,8,TRUE,FALSE
672935840060,AVENGERS 75ML T/P,Avengers,Oral Care,Toothpaste,6,96,TRUE,FALSE
5022545121656,AVENGERS HAND GEL CLEANSING 62% ALCOHOL (D),Avengers,Health & OTC Medicines,Ear/Eye/Skin & Other OTC,60ML,12,TRUE,FALSE
5022545150533,AVENGERS HULK SMASH 75ML BATH SOAP SLIME,Avengers,Bath & Body,Body Wash & Shower,8,32,TRUE,FALSE
5060569226636,AVENGERS RECTANGULAR PENCIL CASE,Avengers,"Home, Electrical & Lifestyle (Catch-all)",Stationery & Crafts,20,120,TRUE,FALSE
5060569225356,AVENGERS SMALL BACKPACK,Avengers,"Home, Electrical & Lifestyle (Catch-all)",Toys & Misc,12,48,TRUE,FALSE
5060569223758,AVENGERS STATIONERY SET 4PC,Avengers,"Home, Electrical & Lifestyle (Catch-all)",Stationery & Crafts,24,240,TRUE,FALSE
672935847182,AVENGERS T/B TWIN TRAVEL CAPS,Avengers,Oral Care,Toothbrushes & Tools,6,48,TRUE,FALSE
672935849384,AVENGERS TURBO MAX ELECTRIC T/B ASSORTED,Avengers,Oral Care,Toothbrushes & Tools,6,48,TRUE,FALSE
5012616264320,Abidec Advanced Multi-Vitamin Syrup Plus Omega 6 & 9,Abidec,Vitamins & Supplements,Multivitamins,150ml,6,TRUE,FALSE
5012616266102,Abidec Immune Support Vitamin D 2 in 1 Drops from Birth to 3 Yrs,Abidec,Vitamins & Supplements,Multivitamins,7.5ml,6,TRUE,FALSE
5012616173004,Abidec Multi-Vitamin Drops,Abidec,Vitamins & Supplements,Multivitamins,25ml,6,TRUE,FALSE
5023652264069,Acidophilus Complex 5 Billion,Nature's Aid,Vitamins & Supplements,Probiotics & Specialty,180,10,TRUE,FALSE
5023652264090,Acidophilus Complex 5 Billion,Nature's Aid,Vitamins & Supplements,Probiotics & Specialty,60 capsules,6,TRUE,FALSE
5023652264182,Acidophilus Complex 5 Billion,Nature's Aid,Vitamins & Supplements,Probiotics & Specialty,60 capsules,6,TRUE,FALSE
5020465201601,Acnecide Face Gel 5% W/W,Acnecide,Skin Care,Treatments & Masks,15g,90,TRUE,FALSE
5020465201588,Acnecide Face Wash 5% W/W,Acnecide,Skin Care,Cleansers,50g,49,TRUE,FALSE
5011309897319,Acriflex Antiseptic Cream 30g,Acriflex,First Aid & Medical Devices,Antiseptics,30g tube,12,TRUE,FALSE
5011309899917,Acriflex Skin Cooling Gel 30g,Acriflex,First Aid & Medical Devices,Antiseptics,30g tube,6,TRUE,FALSE
5010123708672,Actifed Multi-Action Dry Coughs 100,Actifed,Health & OTC Medicines,"Cold, Flu & Allergy",100ml bottle,12,TRUE,FALSE
5010123708528,Actifed Multi-Action Tabs 12,Actifed,Health & OTC Medicines,"Cold, Flu & Allergy",12 tablets,6,TRUE,FALSE
5035883008084,Actifreeze Verruca & Wart Remover,Actifreeze,Health & OTC Medicines,Ear/Eye/Skin & Other OTC,38ml,24,TRUE,FALSE
5012251001724,Active Breath Spray 15ml S/F Cool Mint (Pump),Active,Oral Care,Mouthwash & Whitening,15ml,12,TRUE,FALSE
5012251013550,Active Charcoal Floss 50M,Active,Oral Care,Toothbrushes & Tools,50 meters,12,TRUE,FALSE
5012251013505,Active Charcoal Flossers 30'S,Active,Oral Care,Toothbrushes & Tools,30 flossers,24,TRUE,FALSE
5012251002042,Active Dental Tape 50ml Adv Mint Waxed + Fluoride,Active,Oral Care,Toothbrushes & Tools,50m tape,12,TRUE,FALSE
5012251013260,Active Eco Friendly Bamboo Toothbrush 1Pk,Active,Oral Care,Toothbrushes & Tools,1 toothbrush,12,TRUE,FALSE
5012251012027,Active Enamel Protect Toothpaste 100Ml,Active,Oral Care,Toothpaste,100ml tube,12,TRUE,FALSE
5012251006606,Active Floss Adv Mint Wax 2 X 12M,Active,Oral Care,Toothbrushes & Tools,2 x 12 meters,12,TRUE,FALSE
5012251002035,Active Floss Adv Mint Waxed 100m,Active,Oral Care,Toothbrushes & Tools,100m floss,12,TRUE,FALSE
5012251006859,Active Floss Expanding Mint 50m,Active,Oral Care,Toothbrushes & Tools,50m,12,TRUE,FALSE
5012251000642,Active Floss Mint Waxed 100m,Active,Oral Care,Toothbrushes & Tools,100m roll,12,TRUE,FALSE
5012251001991,Active Floss Mint Waxed 200M,Active,Oral Care,Toothbrushes & Tools,200 meters,12,TRUE,FALSE
5012251010658,Active Flossers 50s Go Between,Active,Oral Care,Toothbrushes & Tools,50 flossers,12,TRUE,FALSE
5012251007146,Active Flossers 50s Waxed,Active,Oral Care,Toothbrushes & Tools,50 flossers,12,TRUE,FALSE
5012251009263,Active Fresh Breath Spray Cool Mint 25Ml,Active,Oral Care,Mouthwash & Whitening,25ml spray,12,TRUE,FALSE
5012251006637,Active Interdental Brush +10 Heads,Active,Oral Care,Toothbrushes & Tools,Pack of 10 brush heads,12,TRUE,FALSE
5012251011341,Active Interdental Brushes 6Pk 0 45Mm,Active,Oral Care,Toothbrushes & Tools,6 brushes,12,TRUE,FALSE
5012251011358,Active Interdental Brushes 6Pk 0.60mm,Active,Oral Care,Toothbrushes & Tools,6 brushes,12,TRUE,FALSE
5012251012829,Active Interdental Soft Brushes 20'S,Active,Oral Care,Toothbrushes & Tools,20 brushes,12,TRUE,FALSE
5012251012126,Active M/Wash 750Ml Green Mint,Active,Oral Care,Mouthwash & Whitening,750ml bottle,6,TRUE,FALSE
5012251012119,Active M/Wash 750Ml Soft Mint,Active,Oral Care,Mouthwash & Whitening,750ml bottle,6,TRUE,FALSE
5012251609838,Active M/Wash Cool Mint + Fluoride [Blue] 500ml,Active,Oral Care,Mouthwash & Whitening,500ml bottle,12,TRUE,FALSE
5012251006224,Active M/Wash Extra Strength Cool Mint & Fluoride 500ml,Active,Oral Care,Mouthwash & Whitening,500ml bottle,12,TRUE,FALSE
5012251005852,Active M/Wash Extra Strength Original+Fluoride 500ml,Active,Oral Care,Mouthwash & Whitening,500ml bottle,12,TRUE,FALSE
5012251609845,Active M/Wash Fresh Mint + Fluoride [Green] 500ml,Active,Oral Care,Mouthwash & Whitening,500ml bottle,12,TRUE,FALSE
5012251010436,Active M/Wash Kids Quick Rinse 500Ml,Active,Oral Care,Mouthwash & Whitening,500ml bottle,12,TRUE,FALSE
5012251010443,Active M/Wash Multi-Action 6 In 1 500ml,Active,Oral Care,Mouthwash & Whitening,500ml bottle,12,TRUE,FALSE
5012251009911,Active M/Wash Tartar Control Whitening 500ml,Active,Oral Care,Mouthwash & Whitening,500ml bottle,12,TRUE,FALSE
5012251008792,Active M/Wash Total Care + Fluoride [Blue] 500ml,Active,Oral Care,Mouthwash & Whitening,500ml bottle,12,TRUE,FALSE
5023652316065,"Active Man with Arginine, Korean Ginseng and Maca",Nature's Aid,Vitamins & Supplements,Probiotics & Specialty,60,10,TRUE,FALSE
5012251011280,Active Sensitive Whitening Toothpaste 100Ml,Active,Oral Care,Toothpaste,100ml tube,12,TRUE,FALSE
5012251012010,Active Smokers Toothpaste 100Ml,Active,Oral Care,Toothpaste,100ml tube,12,TRUE,FALSE
5012251012706,Active T/Brush Charcoal Toothbrush 1 Pk,Active,Oral Care,Toothbrushes & Tools,1 toothbrush,12,TRUE,FALSE
5012251009867,Active T/Brush Control Action Toothbrush 3Pk,Active,Oral Care,Toothbrushes & Tools,3-pack,12,TRUE,FALSE
5012251011969,Active T/Brush Folding Travel Brush 2 Pk,Active,Oral Care,Toothbrushes & Tools,2-pack,12,TRUE,FALSE
5012251011990,Active T/Brush Junior Toothbrush 3 Pk [8-12 Years],Active,Oral Care,Toothbrushes & Tools,3 toothbrushes,12,TRUE,FALSE
5012251011303,Active T/Brush Kids Quickbrush 2 Pk Penguin 3-6Yrs,Active,Oral Care,Toothbrushes & Tools,2 toothbrushes,12,TRUE,FALSE
5012251011976,Active T/Brush Kids Quickbrush 2 Pk Rabbit 3-6Yrs,Active,Oral Care,Toothbrushes & Tools,2 toothbrushes per pack,12,TRUE,FALSE
5012251008785,Active T/Brush Multi Action Toothbrush 3 Pk Med,Active,Oral Care,Toothbrushes & Tools,3 toothbrush pack,12,TRUE,FALSE
5012251008815,Active T/Brush Smokers Toothbrush 2 Pk Ex Hard,Active,Oral Care,Toothbrushes & Tools,2 units,12,TRUE,FALSE
5012251008822,Active T/Brush Travel Toothbrush 2 Pk Med,Active,Oral Care,Toothbrushes & Tools,2 Pack,12,TRUE,FALSE
5012251012003,Active T/Brush Wave Action Toothbrush 3Pk,Active,Oral Care,Toothbrushes & Tools,3 toothbrushes,12,TRUE,FALSE
5012251011297,Active T/Paste Kids 100ml Fresh & Fruity Stawberry,Active,Oral Care,Toothpaste,100ml tube,8,TRUE,FALSE
5012251012621,Active Toothpaste 125ml Charcoal,Active,Oral Care,Toothpaste,125ml tube,12,TRUE,FALSE
5012251006897,Active W/Wash Clear Ice Blue + Fluoride 500ml,Active,Oral Care,Mouthwash & Whitening,500ml bottle,12,TRUE,FALSE
4007221046844,Advantage Spot-On Solution For Cats/Dogs/Rabbits,Advantage,"Home, Electrical & Lifestyle (Catch-all)",Toys & Misc,4x0.4ml,1,TRUE,FALSE
4007221046868,Advantage Spot-On Solution For Dogs,Advantage,"Home, Electrical & Lifestyle (Catch-all)",Toys & Misc,4x4ml,1,TRUE,FALSE
4007221046837,Advantage Spot-On Solution For Dogs,Advantage,"Home, Electrical & Lifestyle (Catch-all)",Toys & Misc,4x1ml,1,TRUE,FALSE
4007221046851,Advantage Spot-On Solution For Dogs,Advantage,"Home, Electrical & Lifestyle (Catch-all)",Toys & Misc,4x2.5ml,1,TRUE,FALSE
5037589000447,After Bite Kids Soothing Bite & Sting Relief,After Bite,First Aid & Medical Devices,Antiseptics,20g,12,TRUE,FALSE
5037589000201,AfterBite Handy Pen 14ml Classic,After Bite,First Aid & Medical Devices,Antiseptics,14ml pen,12,TRUE,FALSE
5000488103014,Agrimony BACH ORIGINAL FLOWER REMEDIES 20ML,Bach,Vitamins & Supplements,Specialty,20ml,12,TRUE,FALSE
5059001000590,Air Wick Mulled Wine Reed 5 x 33ml,Air Wick,Household & Cleaning,Air Fresheners,5x1,5,TRUE,FALSE
5060194130414,Airpure Air-O-Matic Refill 250ml Atlantis Bay,Airpure,Household & Cleaning,Air Fresheners,250ml bottle,24,TRUE,FALSE
5060194130421,Airpure Air-O-Matic Refill 250ml Man Cave,Airpure,Household & Cleaning,Air Fresheners,250ml,24,TRUE,FALSE
5060194130445,Airpure Air-O-Matic Refill 250ml Pure Heaven,Airpure,Household & Cleaning,Air Fresheners,250ml bottle,24,TRUE,FALSE
5060194130339,Airpure Air-O-Matic Refill 250ml Citrus Zing,Airpure,Household & Cleaning,Air Fresheners,250ml refill,24,TRUE,FALSE
5060194130018,Airpure Air-O-Matic Refill 250ml Fresh Linen,Airpure,Household & Cleaning,Air Fresheners,250ml bottle,24,TRUE,FALSE
5060194133798,Airpure Air-O-Matic Refill 250ml Jasmine Essence,Airpure,Household & Cleaning,Air Fresheners,250ml bottle,24,TRUE,FALSE
5060194130025,Airpure Air-O-Matic Refill 250ml Lavender Moments,Airpure,Household & Cleaning,Air Fresheners,250ml canister,24,TRUE,FALSE
5060194136270,Airpure Air-O-Matic Refill 250ml Sparkling Berry,Airpure,Household & Cleaning,Air Fresheners,250ml bottle,24,TRUE,FALSE
5060194130384,Airpure Air-O-Matic Refill 250ml Unicorn Whispers,Airpure,Household & Cleaning,Air Fresheners,250ml aerosol can,24,TRUE,FALSE
5060194133743,Airpure Disfinfectant Spray 450ml Atlantis Bay,Airpure,Household & Cleaning,Disinfectants & Toilet Care,450ml bottle,12,TRUE,FALSE
5060194133712,Airpure Disfinfectant Spray 450ml Unicorn Whisper,Airpure,Household & Cleaning,Disinfectants & Toilet Care,450ml bottle,12,TRUE,FALSE
5060194134108,Airpure Disinfectant Spray 450ml Citrus Zing,Airpure,Household & Cleaning,Disinfectants & Toilet Care,450ml spray,12,TRUE,FALSE
5060194134092,Airpure Disinfectant Spray 450ml Linen Room,Airpure,Household & Cleaning,Disinfectants & Toilet Care,450ml bottle,12,TRUE,FALSE
5060194133736,Airpure Disinfectant Spray 450ml Mountain Air,Airpure,Household & Cleaning,Disinfectants & Toilet Care,450ml bottle,12,TRUE,FALSE
5060194133705,Airpure Disinfectant Spray 450ml Oh My Goddess,Airpure,Household & Cleaning,Disinfectants & Toilet Care,450ml bottle,12,TRUE,FALSE
5060194134115,Airpure Disinfectant Spray 450ml Sparkling Berry,Airpure,Household & Cleaning,Disinfectants & Toilet Care,450ml bottle,12,TRUE,FALSE
5060194134085,Airpure Disinfectant Spray 450ml Violets,Airpure,Household & Cleaning,Disinfectants & Toilet Care,450ml,12,TRUE,FALSE
5060194136836,Airpure Plug-In Moments 20ml Refill Apple Cinnamon,Airpure,Household & Cleaning,Air Fresheners,20ml,24,TRUE,FALSE
5060194136775,Airpure Plug-In Moments 20ml Refill Exotic Fruits,Airpure,Household & Cleaning,Air Fresheners,20ml,24,TRUE,FALSE
5060194136744,Airpure Plug-In Moments 20ml Refill Linen Room,Airpure,Household & Cleaning,Air Fresheners,20ml,24,TRUE,FALSE
5060194136904,Airpure Plug-In Moments 20ml Refill Soft Vanilla,Airpure,Household & Cleaning,Air Fresheners,20ml refill,24,TRUE,FALSE
5060194136980,Airpure Plug-In Moments 20ml Refill Sweet Orchid,Airpure,Household & Cleaning,Air Fresheners,20ml refill,24,TRUE,FALSE
5060194136805,Airpure Plug-In Moments 20ml Refill True Romance,Airpure,Household & Cleaning,Air Fresheners,20ml refill,24,TRUE,FALSE
5060194137796,Airpure Plug-In Moments 45g EU Fragrance Adjuster,Airpure,Household & Cleaning,Air Fresheners,45g,24,TRUE,FALSE
5060194137765,Airpure Plug-In Moments 45g UK Fragrance Adjuster,Airpure,Household & Cleaning,Air Fresheners,45g plug-in unit,24,TRUE,FALSE
5060194132876,Airpure Trigger Spray 250ml Atlantis Bay,Airpure,Household & Cleaning,Air Fresheners,250ml bottle,24,TRUE,FALSE
5060194132869,Airpure Trigger Spray 250ml Citrus Zing,Airpure,Household & Cleaning,Air Fresheners,250ml bottle,24,TRUE,FALSE
5060194132883,Airpure Trigger Spray 250ml Fresh Linen,Airpure,Household & Cleaning,Air Fresheners,250ml bottle,24,TRUE,FALSE
5060194132906,Airpure Trigger Spray 250ml Sparkling Berry,Airpure,Household & Cleaning,Air Fresheners,250ml bottle,24,TRUE,FALSE
5060194132890,Airpure Trigger Spray 250ml True Romance,Airpure,Household & Cleaning,Air Fresheners,250ml bottle,24,TRUE,FALSE
4009900022187,Airwaves Sugar-Free Chewing Gum Menthol & Eucalyptus,Airwaves,Oral Care,Mouthwash & Whitening,10,30,TRUE,FALSE
5059001016454,Airwck Active Fresh Autospray Kit Santorini Sunrise,Air Wick,Household & Cleaning,Air Fresheners,4x204ml,4,TRUE,FALSE
5059001016720,Airwick Aerosol 300ml Lake Como Dreams,Air Wick,Household & Cleaning,Air Fresheners,6x300ml,6,TRUE,FALSE
5059001014115,Airwick Aerosol 300ml Pink Sweet Pea,Air Wick,Household & Cleaning,Air Fresheners,300ml,6,TRUE,FALSE
5059001014955,Airwick Bahamas Beach FM Kit,Air Wick,Household & Cleaning,Air Fresheners,4x250ml,4,TRUE,FALSE
5059001014825,Airwick Bahamas Beach Reeds,Air Wick,Household & Cleaning,Air Fresheners,5x25ml,5,TRUE,FALSE
5011417564905,Airwick Candle 105gm Pink Sweet Pea,Air Wick,Household & Cleaning,Air Fresheners,6x105g,6,TRUE,FALSE
5011417568064,Airwick Electrical Plug In Kit 19ml Crisp Linen,Air Wick,Household & Cleaning,Air Fresheners,19ml,4,TRUE,FALSE
5011417556917,Airwick Electrical Plug In Refill Linen & Lilac 19ml,Air Wick,Household & Cleaning,Air Fresheners,6x19ml,6,TRUE,FALSE
5059001000989,Airwick Fresh Up 375ml Berry,Air Wick,Household & Cleaning,Air Fresheners,375ml,12,TRUE,FALSE
5011417565452,Airwick Fresh Up 375ml Citrus,Air Wick,Household & Cleaning,Air Fresheners,375ml,12,TRUE,FALSE
5011417563731,Airwick Fresh Up 375ml Fresh Water,Air Wick,Household & Cleaning,Air Fresheners,375ml,12,TRUE,FALSE
5011417563748,Airwick Fresh Up 375ml Lavender,Air Wick,Household & Cleaning,Air Fresheners,375ml,12,TRUE,FALSE
5011417563410,Airwick Freshmatic 250ml Max Triple Refil Linen,Air Wick,Household & Cleaning,Air Fresheners,250ml,4,TRUE,FALSE
5059001016737,Airwick Freshmatic Twin Refill 2x250ml Lake Como Dreams,Air Wick,Household & Cleaning,Air Fresheners,3x(2x250ml),3,TRUE,FALSE
5011417565193,Airwick Liquid Electrical Dial PlugIn,Air Wick,Household & Cleaning,Air Fresheners,1,6,TRUE,FALSE
5011417563892,Airwick Pure 250ml Cherry Blossom,Air Wick,Household & Cleaning,Air Fresheners,6x250ml,6,TRUE,FALSE
5011417563878,Airwick Pure 250ml Spring Delight,Air Wick,Household & Cleaning,Air Fresheners,6x250ml,6,TRUE,FALSE
5059001014849,Airwick Santorini Sunrise Reeds,Air Wick,Household & Cleaning,Air Fresheners,5x25ml,5,TRUE,FALSE
5000146057871,Airwick Stick Ups 2 Pack Lavender,Air Wick,Household & Cleaning,Air Fresheners,2pk,12,TRUE,FALSE
8720665000031,Alberto Balsam Apple Conditioner,Alberto Balsam,Hair Care,Conditioner,350ml,6,TRUE,FALSE
8720665000024,Alberto Balsam Apple Shampoo,Alberto Balsam,Hair Care,Shampoo,350ml,6,TRUE,FALSE
8720665000079,Alberto Balsam Coconut Conditioner,Alberto Balsam,Hair Care,Conditioner,350ml,6,TRUE,FALSE
8720665000062,Alberto Balsam Coconut Shampoo,Alberto Balsam,Hair Care,Shampoo,350ml,6,TRUE,FALSE
8720665000017,Alberto Balsam Raspberry Conditioner,Alberto Balsam,Hair Care,Conditioner,350ml,6,TRUE,FALSE
8720665000000,Alberto Balsam Raspberry Shampoo,Alberto Balsam,Hair Care,Shampoo,350ml,6,TRUE,FALSE
8720665000055,Alberto Balsam Tea Tree Conditioner,Alberto Balsam,Hair Care,Conditioner,350ml,6,TRUE,FALSE
8720665000048,Alberto Balsam Tea Tree Shampoo,Alberto Balsam,Hair Care,Shampoo,350ml,6,TRUE,FALSE
5010605402838,Alka Seltzer Original Tablets,Alka Seltzer,Health & OTC Medicines,Digestive Health,20,10,TRUE,FALSE
5010605402845,Alka Seltzer Tablets Extra Strong,Alka Seltzer,Health & OTC Medicines,Digestive Health,20,10,TRUE,FALSE
5000283662204,Allevia Fexofenadine Tablets 120mg,Allevia,Health & OTC Medicines,"Cold, Flu & Allergy",15,5,TRUE,FALSE
5000283662716,Allevia Fexofenadine Tablets 120mg,Allevia,Health & OTC Medicines,"Cold, Flu & Allergy",7,10,TRUE,FALSE
5000283662211,Allevia Fexofenadine Tablets 120mg,Allevia,Health & OTC Medicines,"Cold, Flu & Allergy",30,5,TRUE,FALSE
5000283663607,Allevia Hives 180mg Tablets,Allevia,Health & OTC Medicines,"Cold, Flu & Allergy",15,10,TRUE,FALSE
5054563013729,Alli Capsules 60mg,Alli,Health & OTC Medicines,Digestive Health,84,6,TRUE,FALSE
4250529300013,Almased,Almased,Vitamins & Supplements,Specialty,500g,6,TRUE,FALSE
5023652101500,Almond Oil,Nature's Aid,Skin Care,Moisturisers,150ml,10,TRUE,FALSE
5055382309079,Almus 50+ A-Z Multi-Vitamin & Mineral Tablets,Almus,Vitamins & Supplements,Multivitamins,30,6,TRUE,FALSE
5055382308799,Almus A-Z Multi-Vitamin & Mineral Tablets,Almus,Vitamins & Supplements,Multivitamins,30,6,TRUE,FALSE
5055382307457,Almus Allergy Relief 8mg Capsules,Almus,Health & OTC Medicines,"Cold, Flu & Allergy",12,12,TRUE,FALSE
5033847000389,Almus Aspirin 75mg Tablets,Almus,Pain Relief,Tablets & Capsules,28,1,TRUE,FALSE
5060057403143,Almus Aspirin Dispersible Tablets 300mg,Almus,Pain Relief,Tablets & Capsules,32,12,TRUE,FALSE
5060057403662,Almus Aspirin GR 75mg Tablets,Almus,Pain Relief,Tablets & Capsules,28,1,TRUE,FALSE
5060057406045,Almus Aspirin Tablets 300mg,Almus,Pain Relief,Tablets & Capsules,32,12,TRUE,FALSE
5055382308836,Almus B Complex Tablets,Almus,Vitamins & Supplements,Multivitamins,90,6,TRUE,FALSE
5055382308829,Almus Calcium & Vitamin D 400mg Tablets,Almus,Vitamins & Supplements,Minerals,60,6,TRUE,FALSE
5060057405710,Almus Chesty Cough,Almus,Health & OTC Medicines,"Cold, Flu & Allergy",200ml,12,TRUE,FALSE
5055382309093,Almus Children Multi-Vitamin & Mineral Gummies,Almus,Vitamins & Supplements,Multivitamins,30,6,TRUE,FALSE
5060057402900,Almus Children Pain & Fever Relief Ibuprofen Suspension,Almus,Pain Relief,Tablets & Capsules,100ml,12,TRUE,FALSE
81469383,Almus Chlorphenamine Tablets 4mg,Almus,Health & OTC Medicines,"Cold, Flu & Allergy",28,10,TRUE,FALSE
5000084228340,Almus Clotrimazole Cream 1%,Almus,Health & OTC Medicines,Ear/Eye/Skin & Other OTC,50g,10,TRUE,FALSE
3216166134245,Almus Clotrimazole Cream 1% W/W,Almus,Health & OTC Medicines,Ear/Eye/Skin & Other OTC,20g,10,TRUE,FALSE
1224237850965,Almus Co-Codamol 8/500mg Tablets,Almus,Pain Relief,Tablets & Capsules,32,1,TRUE,FALSE
5055382307808,Almus Co-Codamol Tablets Effervescent 8/500mg,Almus,Pain Relief,Tablets & Capsules,32,1,TRUE,FALSE
5055382308935,Almus Cod Liver Oil Vitamin A&D High Strength Capsules,Almus,Vitamins & Supplements,Minerals,30,6,TRUE,FALSE
4153805,Almus Codasolve Effervescent Tablets 500mg/8mg/30mg,Almus,Pain Relief,Tablets & Capsules,32,60,TRUE,FALSE
5060057401941,Almus Constipation Relief 5mg,Almus,Health & OTC Medicines,Digestive Health,20,1,TRUE,FALSE
5060057405727,Almus Dry Cough Relief Syrup,Almus,Health & OTC Medicines,"Cold, Flu & Allergy",200ml,6,TRUE,FALSE
5060057402467,Almus Dual Action Chesty Cough,Almus,Health & OTC Medicines,"Cold, Flu & Allergy",200ml,12,TRUE,FALSE
5060057401927,Almus Erectile Dysfunction Relief F/C 50mg Tablets,Almus,Health & OTC Medicines,Ear/Eye/Skin & Other OTC,4,1,TRUE,FALSE
5060057401910,Almus Erectile Dysfunction Relief F/C 50mg Tablets,Almus,Health & OTC Medicines,Ear/Eye/Skin & Other OTC,8,1,TRUE,FALSE
5055382309048,Almus Evening Primrose 500mg Vit E Capsules,Almus,Vitamins & Supplements,Specialty,30,6,TRUE,FALSE
5000080163133,Almus Ferrous Sulphate 200mg Tablets,Almus,Vitamins & Supplements,Minerals,28,10,TRUE,FALSE
5055382308812,Almus Folic Acid 400ug Tablets,Almus,Vitamins & Supplements,Multivitamins,90,6,TRUE,FALSE
5055382309062,Almus Glucosamine Chondroitin & MSM Tablets,Almus,Vitamins & Supplements,Specialty,30,6,TRUE,FALSE
5055382308959,Almus Glucosamine Sulphate Vitamin C Tablets,Almus,Vitamins & Supplements,Specialty,30,6,TRUE,FALSE
5055382308621,Almus Hay Fever & Allergy Relief Liquid,Almus,Health & OTC Medicines,"Cold, Flu & Allergy",100ml,6,TRUE,FALSE
5060057402030,Almus Hayfever & Allergy Cetirizine Tablets,Almus,Health & OTC Medicines,"Cold, Flu & Allergy",14,12,TRUE,FALSE
5060057402856,Almus Hayfever & Allergy Cetirizine Tablets,Almus,Health & OTC Medicines,"Cold, Flu & Allergy",30,12,TRUE,FALSE
5055382308508,Almus IBS Relief Tablets (20),Almus,Health & OTC Medicines,Digestive Health,20,12,TRUE,FALSE
5055382308515,Almus IBS Relief Tablets (40),Almus,Health & OTC Medicines,Digestive Health,40,12,TRUE,FALSE
5060057403921,Almus Ibuprofen & Codeine 200mg/12.8mg Tablets,Almus,Pain Relief,Tablets & Capsules,24,6,TRUE,FALSE
5060057403136,Almus Ibuprofen & Codeine Tablets,Almus,Pain Relief,Tablets & Capsules,32,6,TRUE,FALSE
5055382308287,Almus Ibuprofen 200mg Tablets,Almus,Pain Relief,Tablets & Capsules,24,12,TRUE,FALSE
5055382308270,Almus Ibuprofen 200mg Tablets,Almus,Pain Relief,Tablets & Capsules,48,12,TRUE,FALSE
5055382308294,Almus Ibuprofen 200mg Tablets,Almus,Pain Relief,Tablets & Capsules,16,12,TRUE,FALSE
5055382308263,Almus Ibuprofen Tablets 400mg,Almus,Pain Relief,Tablets & Capsules,24,7,TRUE,FALSE
5055382308256,Almus Ibuprofen Tablets 400mg,Almus,Pain Relief,Tablets & Capsules,48,4,TRUE,FALSE
5060057405550,Almus Infected Eye Ointment,Almus,Health & OTC Medicines,Ear/Eye/Skin & Other OTC,4g,10,TRUE,FALSE
3717289120820,Almus Lactulose Oral Solution,Almus,Health & OTC Medicines,Digestive Health,500ml,10,TRUE,FALSE
4651246442312,Almus Laxative 5mg Tablets,Almus,Health & OTC Medicines,Digestive Health,60,1,TRUE,FALSE
5055382308522,Almus Levonorgestrel 1.5mg Tablet,Almus,Health & OTC Medicines,Ear/Eye/Skin & Other OTC,1,6,TRUE,FALSE
3884863718350,Almus Loratadine Tablets 10mg,Almus,Health & OTC Medicines,"Cold, Flu & Allergy",30,10,TRUE,FALSE
5055382308805,Almus Magnesium 375mg & Vitamin B6 Tablets,Almus,Vitamins & Supplements,Minerals,30,6,TRUE,FALSE
5055382307464,Almus Migraine Buccal 3mg Tablets,Almus,Pain Relief,Migraine/Headache,8,1,TRUE,FALSE
5060057405758,Almus Mucus Cough Syrup,Almus,Health & OTC Medicines,"Cold, Flu & Allergy",200ml,6,TRUE,FALSE
5055382308911,Almus Multi-Vitamin & Iron Tablets,Almus,Vitamins & Supplements,Multivitamins,60,6,TRUE,FALSE
5055382308898,Almus Omega 3 High Strength 100mg Capsules,Almus,Vitamins & Supplements,Minerals,30,6,TRUE,FALSE
5060057403273,Almus Paracetamol Caplets 500mg,Almus,Pain Relief,Tablets & Capsules,32,6,TRUE,FALSE
5055144201658,Almus Paracetamol Capsules 500mg,Almus,Pain Relief,Tablets & Capsules,32,12,TRUE,FALSE
5060057402337,Almus Paracetamol Effervescent 500mg Tablets,Almus,Pain Relief,Tablets & Capsules,24,1,TRUE,FALSE
978020137962,Almus Paracetamol Oral Suspension 120mg/5ml 3+ Months,Almus,Pain Relief,Tablets & Capsules,100ml,6,TRUE,FALSE
5060057402320,Almus Paracetamol Suspension 120mg/5ml,Almus,Pain Relief,Tablets & Capsules,200ml,6,TRUE,FALSE
5017123055225,Almus Paracetamol Tablets 500mg,Almus,Pain Relief,Tablets & Capsules,16,12,TRUE,FALSE
5060057405666,Almus Senease 7.5mg Tablets,Almus,Health & OTC Medicines,Digestive Health,20,10,TRUE,FALSE
5024071250398,Almus Senna 7.5mg Tablets,Almus,Health & OTC Medicines,Digestive Health,60,12,TRUE,FALSE
5055382309055,Almus Skin Hair & Nails Supplement Tablets,Almus,Vitamins & Supplements,Specialty,30,6,TRUE,FALSE
9476581343194,Almus Sleep Aid 50mg Tablets,Almus,Health & OTC Medicines,Ear/Eye/Skin & Other OTC,20,1,TRUE,FALSE
5050135001316,Almus Sodium Cromoglicate 2% Eye Drops,Almus,Health & OTC Medicines,Ear/Eye/Skin & Other OTC,10ml,1,TRUE,FALSE
5055382308492,Almus Stomach Cramps Relief Tablets,Almus,Health & OTC Medicines,Digestive Health,20,12,TRUE,FALSE
5055382308195,Almus Thrush Relief 150mg Capsule,Almus,Health & OTC Medicines,Ear/Eye/Skin & Other OTC,1,10,TRUE,FALSE
5055382306757,Almus Tickly Cough Syrup,Almus,Health & OTC Medicines,"Cold, Flu & Allergy",200ml,6,TRUE,FALSE
5055382309086,Almus Turmeric 1000mg & Vitamin D Tablets,Almus,Vitamins & Supplements,Specialty,30,6,TRUE,FALSE
5055382306788,Almus Vapour Rub,Almus,Health & OTC Medicines,"Cold, Flu & Allergy",50g,1,TRUE,FALSE
5000080163393,Almus Vitamin B Co Strong Tablets,Almus,Vitamins & Supplements,Multivitamins,28,10,TRUE,FALSE
5055382308904,Almus Vitamin B12 10ug Tablets,Almus,Vitamins & Supplements,Multivitamins,90,6,TRUE,FALSE
5055382308942,Almus Vitamin C High Strength Eff 1000mg Tablets,Almus,Vitamins & Supplements,Multivitamins,20,6,TRUE,FALSE
5055382308782,Almus Vitamin D3 25ug High Strength Tablets,Almus,Vitamins & Supplements,Minerals,90,6,TRUE,FALSE
5055382308928,Almus Zinc 15mg Tablets,Almus,Vitamins & Supplements,Minerals,60,6,TRUE,FALSE
5029354002695,Aloe Pura Aloe Vera After Sun,Aloe Pura,Skin Care,Moisturisers,200ml,6,TRUE,FALSE
5029354000271,Aloe Pura Aloe Vera Gel,Aloe Pura,Skin Care,Moisturisers,200ml,6,TRUE,FALSE
4008666216113,Alpecin Dandruff Killer,Alpecin,Hair Care,Shampoo,250ml,6,TRUE,FALSE
4008666215420,Alpecin Double Effect Shampoo,Alpecin,Hair Care,Shampoo,200ml,6,TRUE,FALSE
4008666224910,Alpecin Grey Attack Caffeine & Colour Shampoo,Alpecin,Hair Care,Shampoo,200ml,6,TRUE,FALSE
4008666215659,Alpecin Liquid,Alpecin,Hair Care,Styling & Treatments,200ml,6,TRUE,FALSE
4008666212375,Alpecin Liquid 200ml,Alpecin,Hair Care,Styling & Treatments,200ml bottle,6,TRUE,FALSE
4008666210609,Alpecin Shampoo 200ml Double Effect,Alpecin,Hair Care,Shampoo,200ml bottle,6,TRUE,FALSE
4008666217707,Alpecin Shampoo 250ml Sport,Alpecin,Hair Care,Shampoo,250ml bottle,6,TRUE,FALSE
4008666214232,Alpecin Shampoo 375ml C1 Caffeine,Alpecin,Hair Care,Shampoo,375ml bottle,6,TRUE,FALSE
4008666215789,Alpecin Tuning Shampoo,Alpecin,Hair Care,Shampoo,200ml,6,TRUE,FALSE
4008666213358,Alpecin Tuning Shampoo 200ml,Alpecin,Hair Care,Shampoo,200ml,6,TRUE,FALSE
5033852190235,Alvita 7 Day Pill Box,Alvita,First Aid & Medical Devices,Tests & Devices,1,1,TRUE,FALSE
5055382304227,Alvita Barrier Face Mask Adult,Alvita,First Aid & Medical Devices,Antiseptics,2,1,TRUE,FALSE
5055382304234,Alvita Barrier Face Mask Child,Alvita,First Aid & Medical Devices,Antiseptics,2,1,TRUE,FALSE
5039139011866,Alvita Blister Plasters,Alvita,First Aid & Medical Devices,Plasters & Dressings,5,1,TRUE,FALSE
5039139011859,Alvita Clear Plasters,Alvita,First Aid & Medical Devices,Plasters & Dressings,40,1,TRUE,FALSE
8431306084029,Alvita Contact Lens Solution & Case,Alvita,Health & OTC Medicines,Ear/Eye/Skin & Other OTC,120ml,1,TRUE,FALSE
5050895097369,Alvita Cosmetic Pads Baby,Alvita,Skin Care,Cleansers,80,12,TRUE,FALSE
5060057407196,Alvita Cosmetic Pads Round,Alvita,Skin Care,Cleansers,100,1,TRUE,FALSE
5060057407189,Alvita Cosmetic Pads Square,Alvita,Skin Care,Cleansers,50,1,TRUE,FALSE
96199480,Alvita Cotton Buds Paper Stem Eco-Friendly,Alvita,Skin Care,Cleansers,100,1,TRUE,FALSE
5055382314509,Alvita Cotton Buds Paper Stem Eco-Friendly,Alvita,Skin Care,Cleansers,200,1,TRUE,FALSE
2053617951881,Alvita Cotton Crepe Bandage BP 10cm x 4.5m,Alvita,First Aid & Medical Devices,Plasters & Dressings,1,1,TRUE,FALSE
9622109554119,Alvita Cotton Crepe Bandage BP 7.5cm x 4.5m,Alvita,First Aid & Medical Devices,Plasters & Dressings,1,1,TRUE,FALSE
5055382305293,Alvita Cotton Wool Balls,Alvita,Skin Care,Cleansers,100,1,TRUE,FALSE
5055382306535,Alvita Digital Thermometer Flexi Tip,Alvita,First Aid & Medical Devices,Tests & Devices,1,1,TRUE,FALSE
5055382309215,Alvita Disposable Infrared Ear Thermometer Probe Covers,Alvita,First Aid & Medical Devices,Tests & Devices,1,1,TRUE,FALSE
8015658007860,Alvita Eye Mist,Alvita,Health & OTC Medicines,Ear/Eye/Skin & Other OTC,10ml,1,TRUE,FALSE
8431306084012,Alvita Eye Wash With Eye Bath,Alvita,Health & OTC Medicines,Ear/Eye/Skin & Other OTC,110ml,1,TRUE,FALSE
5039139011880,Alvita Fabric Plasters,Alvita,First Aid & Medical Devices,Plasters & Dressings,40,1,TRUE,FALSE
5039139011873,Alvita Fabric Strips,Alvita,First Aid & Medical Devices,Plasters & Dressings,10,1,TRUE,FALSE
5055382307532,Alvita Foam Ear Plugs 3 Pairs,Alvita,First Aid & Medical Devices,Antiseptics,3,1,TRUE,FALSE
5055382308300,Alvita Freeze Spray,Alvita,First Aid & Medical Devices,Antiseptics,200ml,1,TRUE,FALSE
5055382308461,Alvita Heat Patch,Alvita,Pain Relief,Topical/Patches,4,1,TRUE,FALSE
5039139011149,Alvita Hot & Cold Compress,Alvita,First Aid & Medical Devices,Antiseptics,1,1,TRUE,FALSE
5055382310587,Alvita Hot Water Bottle,Alvita,First Aid & Medical Devices,Tests & Devices,1,1,TRUE,FALSE
5055382305804,Alvita Incontinence Range All-In-One Pants Extra Day Large,Alvita,Feminine & Intimate,Pads & Liners,24,1,TRUE,FALSE
5055382305781,Alvita Incontinence Range All-In-One Pants Extra Day Medium,Alvita,Feminine & Intimate,Pads & Liners,24,1,TRUE,FALSE
5055382305859,Alvita Incontinence Range All-In-One Pants Maxi Night Ex Large,Alvita,Feminine & Intimate,Pads & Liners,20,1,TRUE,FALSE
5055382305828,Alvita Incontinence Range All-In-One Pants Maxi Night Medium,Alvita,Feminine & Intimate,Pads & Liners,20,1,TRUE,FALSE
5055382305972,Alvita Incontinence Range Pads Absorbent Pants Night,Alvita,Feminine & Intimate,Pads & Liners,14,1,TRUE,FALSE
5055382305934,Alvita Incontinence Range Pads All-In-One Maxi,Alvita,Feminine & Intimate,Pads & Liners,20,1,TRUE,FALSE
5055382305873,Alvita Incontinence Range Pads Waterproof Bed 60cm X 90cm,Alvita,Feminine & Intimate,Pads & Liners,30,1,TRUE,FALSE
5055382311775,Alvita Incontinence Range Pants Absorbent Day Large,Alvita,Feminine & Intimate,Pads & Liners,14,1,TRUE,FALSE
5055382311751,Alvita Incontinence Range Pants Absorbent Day Medium,Alvita,Feminine & Intimate,Pads & Liners,14,1,TRUE,FALSE
5055382311744,Alvita Incontinence Range Pants Absorbent Night Medium,Alvita,Feminine & Intimate,Pads & Liners,14,1,TRUE,FALSE
5055382311348,Alvita Incontinence Range Pants Absorbent Night Large,Alvita,Feminine & Intimate,Pads & Liners,14,1,TRUE,FALSE
5055382307020,Alvita Incontinence Super Bed Pads 60cm X 90cm,Alvita,Feminine & Intimate,Pads & Liners,30,1,TRUE,FALSE
6924239706141,Alvita Instant Ice Pack Twin,Alvita,First Aid & Medical Devices,Antiseptics,2,1,TRUE,FALSE
8431306083985,Alvita Moisturising Eye Drops PF,Alvita,Health & OTC Medicines,Ear/Eye/Skin & Other OTC,10ml,1,TRUE,FALSE
5055382308324,Alvita Nasal Strips,Alvita,Health & OTC Medicines,"Cold, Flu & Allergy",30,1,TRUE,FALSE
5055382309277,Alvita No Touch Thermometer,Alvita,First Aid & Medical Devices,Tests & Devices,1,1,TRUE,FALSE
5033852190396,Alvita Pill Cutter And Crusher,Alvita,First Aid & Medical Devices,Tests & Devices,1,1,TRUE,FALSE
5055382306047,Alvita Pregnancy Test Mid Stream,Alvita,First Aid & Medical Devices,Tests & Devices,2,1,TRUE,FALSE
5055382306023,Alvita Pregnancy Test Mid Stream Single,Alvita,First Aid & Medical Devices,Tests & Devices,1,1,TRUE,FALSE
5055382306009,Alvita Pregnancy Test Ultra Early,Alvita,First Aid & Medical Devices,Tests & Devices,1,1,TRUE,FALSE
5055382308966,Alvita Seawater Nasal Spray,Alvita,Health & OTC Medicines,"Cold, Flu & Allergy",100ml,1,TRUE,FALSE
5039139011897,Alvita Sensitive Plasters,Alvita,First Aid & Medical Devices,Plasters & Dressings,20,1,TRUE,FALSE
5039139011903,Alvita Skin Closure Strips,Alvita,First Aid & Medical Devices,Plasters & Dressings,32,1,TRUE,FALSE
8431306083992,Alvita Soothing Eye Drops PF,Alvita,Health & OTC Medicines,Ear/Eye/Skin & Other OTC,10ml,1,TRUE,FALSE
5055382306511,Alvita Thermometers Digital Rigid Tip,Alvita,First Aid & Medical Devices,Tests & Devices,1,1,TRUE,FALSE
5055382309192,Alvita Thermometers Infrared Ear,Alvita,First Aid & Medical Devices,Tests & Devices,1,1,TRUE,FALSE
5055382305743,Alvita Tissues Box Soft White 2 Ply,Alvita,"Home, Electrical & Lifestyle (Catch-all)",Toys & Misc,150,1,TRUE,FALSE
5055382305941,Alvita Tissues Pocket Pack,Alvita,"Home, Electrical & Lifestyle (Catch-all)",Toys & Misc,6x10,1,TRUE,FALSE
5039139011927,Alvita Waster Resistant Plasters,Alvita,First Aid & Medical Devices,Plasters & Dressings,40,1,TRUE,FALSE
5055382307556,Alvita Wax Ear Plugs 8 Pairs,Alvita,First Aid & Medical Devices,Antiseptics,8,1,TRUE,FALSE
5033852190259,Alvita Weekly Dispenser Pill Box,Alvita,First Aid & Medical Devices,Tests & Devices,1,1,TRUE,FALSE
4015400259459,Always Classic Maxi Size 2 Wings 9ct,Always,Feminine & Intimate,Pads & Liners,16x9ct,16,TRUE,FALSE
4015400680352,Always Dailies Liners Fresh 20ct,Always,Feminine & Intimate,Pads & Liners,6x20's,6,TRUE,FALSE
8006540692479,Always Dailies Liners Long Plus 38ct,Always,Feminine & Intimate,Pads & Liners,4x38ct,4,TRUE,FALSE
8006540769737,Always Dailies Liners Long Plus Unscented 24ct,Always,Feminine & Intimate,Pads & Liners,8x24ct,8,TRUE,FALSE
8006540692417,Always Dailies Liners Long Unscented 46ct,Always,Feminine & Intimate,Pads & Liners,4x46ct,4,TRUE,FALSE
8001090940551,Always Dailies Multiform Scented Liners,Always,Feminine & Intimate,Pads & Liners,26,8,TRUE,FALSE
4015400680284,Always Dailies Normal Pantyliner 20s,Always,Feminine & Intimate,Pads & Liners,20 pantyliners,16,TRUE,FALSE
8700216190442,Always Dailies Soft Like Cotton Liners,Always,Feminine & Intimate,Pads & Liners,18,8,TRUE,FALSE
8001841543680,Always Discreet Boutique Incontinence Pants Plus Medium Black,Always,Feminine & Intimate,Pads & Liners,9,2,TRUE,FALSE
8001090439055,Always Discreet Boutique Pants Large,Always,Feminine & Intimate,Pads & Liners,8,2,TRUE,FALSE
8001090438973,Always Discreet Boutique Pants Medium,Always,Feminine & Intimate,Pads & Liners,9,2,TRUE,FALSE
8001841543710,Always Discreet Boutique Underwear Incontinence Pants Plus Large Black,Always,Feminine & Intimate,Pads & Liners,8,2,TRUE,FALSE
4015400675433,Always Discreet Liners 24ct,Always,Feminine & Intimate,Pads & Liners,4x24's,4,TRUE,FALSE
4015400675518,Always Discreet Liners Plus 20ct,Always,Feminine & Intimate,Pads & Liners,4x20's,4,TRUE,FALSE
4015400627968,Always Discreet Long Pads,Always,Feminine & Intimate,Pads & Liners,20,2,TRUE,FALSE
4015400628088,Always Discreet Long Plus Pads,Always,Feminine & Intimate,Pads & Liners,16,3,TRUE,FALSE
8700216662291,Always Discreet Maximum Protection Pants Large,Always,Feminine & Intimate,Pads & Liners,8,8,TRUE,FALSE
8700216662321,Always Discreet Maximum Protection Pants Medium,Always,Feminine & Intimate,Pads & Liners,8,8,TRUE,FALSE
4015400627807,Always Discreet Normal Pads,Always,Feminine & Intimate,Pads & Liners,24,3,TRUE,FALSE
8001090065988,Always Discreet Pads Long 10ct,Always,Feminine & Intimate,Pads & Liners,4x10CT,4,TRUE,FALSE
8700216049092,Always Discreet Pads Long 12ct,Always,Feminine & Intimate,Pads & Liners,4x12ct,4,TRUE,FALSE
8001090066008,Always Discreet Pads Long Plus 8CT,Always,Feminine & Intimate,Pads & Liners,5x8ct,5,TRUE,FALSE
8001090065964,Always Discreet Pads Normal 12ct,Always,Feminine & Intimate,Pads & Liners,4x12CT,4,TRUE,FALSE
4015400629245,Always Discreet Pads Small 20ct,Always,Feminine & Intimate,Pads & Liners,6x20's,6,TRUE,FALSE
4015400629368,Always Discreet Pads Small Plus,Always,Feminine & Intimate,Pads & Liners,16S,6,TRUE,FALSE
8001090111685,Always Discreet Pants Large Plus 8ct,Always,Feminine & Intimate,Pads & Liners,2x8ct,2,TRUE,FALSE
8001090111715,Always Discreet Pants Medium Plus 9ct,Always,Feminine & Intimate,Pads & Liners,2x9ct,2,TRUE,FALSE
4015400628408,Always Discreet Pants Normal Large 10ct,Always,Feminine & Intimate,Pads & Liners,2x10's,2,TRUE,FALSE
4015400628262,Always Discreet Pants Normal Medium 12ct,Always,Feminine & Intimate,Pads & Liners,2x12's,2,TRUE,FALSE
8700216946056,Always Discreet Postpartum Pants Large,Always,Feminine & Intimate,Pads & Liners,8,2,TRUE,FALSE
8700216946087,Always Discreet Postpartum Pants Medium,Always,Feminine & Intimate,Pads & Liners,9,2,TRUE,FALSE
8700216279321,Always Infinity Night Pads,Always,Feminine & Intimate,Pads & Liners,9,8,TRUE,FALSE
4015400684480,Always Infinity Sanitary Towels Long With Wings Size 2,Always,Feminine & Intimate,Pads & Liners,11,6,TRUE,FALSE
4015400684534,Always Infinity Sanitary Towels Night With Wings Size 3,Always,Feminine & Intimate,Pads & Liners,10,6,TRUE,FALSE
4015400684428,Always Infinity Sanitary Towels With Wings,Always,Feminine & Intimate,Pads & Liners,12,6,TRUE,FALSE
4015400260837,Always Maxi Classic Night Pads 8S,Always,Feminine & Intimate,Pads & Liners,8 pads,10,TRUE,FALSE
8001841053684,Always Maxi Long Wings Size 2 12ct,Always,Feminine & Intimate,Pads & Liners,8x12CT,8,TRUE,FALSE
8001841053806,Always Maxi Night Pads Small,Always,Feminine & Intimate,Pads & Liners,10 pads,8,TRUE,FALSE
8001090899163,Always Platinum Secure Night Size 4 Sanitary Pads,Always,Feminine & Intimate,Pads & Liners,7s,8,TRUE,FALSE
4015400731627,Always Sensitive Long Wings Size 2 12s,Always,Feminine & Intimate,Pads & Liners,8x12s,8,TRUE,FALSE
4015400738565,Always Sensitive Night Pads 10s,Always,Feminine & Intimate,Pads & Liners,10 pads,8,TRUE,FALSE
4015400731535,Always Sensitive Normal Size 1 16ct,Always,Feminine & Intimate,Pads & Liners,8x16s,8,TRUE,FALSE
4015400731597,Always Sensitive Normal Wings Size 1 14ct,Always,Feminine & Intimate,Pads & Liners,8x14s,8,TRUE,FALSE
8006540584200,Always Ultra Day and Night Wings Size 3 9ct,Always,Feminine & Intimate,Pads & Liners,16x9ct,16,TRUE,FALSE
8700216026321,Always Ultra Day and Night Wings Size 3 9ct PMP 2.69,Always,Feminine & Intimate,Pads & Liners,28x9ct(7x4),28,TRUE,FALSE
4015400498056,Always Ultra Duos Normal Plus,Always,Feminine & Intimate,Pads & Liners,26,8,TRUE,FALSE
8001090111685,"Wait, duplicate? No, next: 8006540584101 Always Ultra Long Wings 11ct Always 12x11ct",Always,Feminine & Intimate,Pads & Liners,12x11ct,2,TRUE,FALSE
8700216026307,Always Ultra Long Wings 11ct PMP 2.69,Always,Feminine & Intimate,Pads & Liners,24x11ct(6x4),24,TRUE,FALSE
8006540583982,Always Ultra Normal 15ct,Always,Feminine & Intimate,Pads & Liners,16x15ct,16,TRUE,FALSE
8700216026277,Always Ultra Normal Wings 13ct PMP 2.69,Always,Feminine & Intimate,Pads & Liners,24x13ct(6x4),24,TRUE,FALSE
8006540709528,Always Ultra Sanitary Towels Day & Night Wings Size 3,Always,Feminine & Intimate,Pads & Liners,18,8,TRUE,FALSE
8006540709467,Always Ultra Sanitary Towels Long Wings Size 2,Always,Feminine & Intimate,Pads & Liners,20,6,TRUE,FALSE
8700216592468,Always Ultra Sanitary Towels Normal,Always,Feminine & Intimate,Pads & Liners,13,16,TRUE,FALSE
8700216592543,Always Ultra Sanitary Towels Normal Size 1,Always,Feminine & Intimate,Pads & Liners,18,8,TRUE,FALSE
8006540709641,Always Ultra Sanitary Towels Secure Night Extra Wings (Size 5),Always,Feminine & Intimate,Pads & Liners,14,4,TRUE,FALSE
8001841941899,Always Ultra Sanitary Towels Secure Night Extra With Wings (Size 5),Always,Feminine & Intimate,Pads & Liners,8,8,TRUE,FALSE
8006540709702,Always Ultra Sanitary Towels Secure Night Wings Size 4,Always,Feminine & Intimate,Pads & Liners,16,10,TRUE,FALSE
8006540588505,Always Ultra Secure Night Wings Size 4 8ct,Always,Feminine & Intimate,Pads & Liners,20x8ct,20,TRUE,FALSE
3600540305381,Ambre Solaire Aftersun 400ml Soother,Garnier,Skin Care,Moisturisers,400ML,6,TRUE,FALSE
3600542518321,Ambre Solaire Eco-Designed 200ml Milk 50 (+),Garnier,Skin Care,Treatments & Masks,200ml,6,TRUE,FALSE
3600542444347,Ambre Solaire Kids Milk Spray 150ml SPF 50+,Garnier,Skin Care,Treatments & Masks,150ml,6,TRUE,FALSE
3600541181052,Ambre Solaire Milk Mini 50ml SPF50+,Garnier,Skin Care,Treatments & Masks,50ml,6,TRUE,FALSE
3600541309784,Ambre Solaire Milk Mini 50ml Sensitive Advanced SPF50+,Garnier,Skin Care,Treatments & Masks,50ml,6,TRUE,FALSE
3600541624245,Ambre Solaire Milk SPF50 Vitamin C,Garnier,Skin Care,Treatments & Masks,200ml,6,TRUE,FALSE
3600542511643,Ambre Solaire Milk Sensitive 200ml SPF50+ Tube,Garnier,Skin Care,Treatments & Masks,200ml,6,TRUE,FALSE
3600542397704,Ambre Solaire Super UV 50ml Anti-age Face Protection Cream SPF50+ Tube,Garnier,Skin Care,Treatments & Masks,50ml,6,TRUE,FALSE
5060058770367,Amgesic 1% Gel (100g),Amgesic,Pain Relief,Topical/Patches,100g,114,TRUE,FALSE
5060058770343,Amgesic 1% Gel (50g),Amgesic,Pain Relief,Topical/Patches,50g,182,TRUE,FALSE
5060209732978,Amorolfine Medicated Nail Lacquer 5%,Amorolfine,Health & OTC Medicines,Ear/Eye/Skin & Other OTC,3ml,1,TRUE,FALSE
5026445002459,Amplex Fresh Roll On Deo 50ml,Amplex,Bath & Body,Deodorants & Antiperspirants,50ml bottle,12,TRUE,FALSE
5026445002435,Amplex Ocean Roll On Deo 50ml,Amplex,Bath & Body,Deodorants & Antiperspirants,50ml roll-on,12,TRUE,FALSE
5014697055934,Amplex Roll On 50ml Active,Amplex,Bath & Body,Deodorants & Antiperspirants,50ml roll-on,12,TRUE,FALSE
5026445002473,Amplex Roll On 50ml For Men Black,Amplex,Bath & Body,Deodorants & Antiperspirants,50ml roll-on,12,TRUE,FALSE
5026445002336,Amplex Roll On 50ml Natural,Amplex,Bath & Body,Deodorants & Antiperspirants,50ml,12,TRUE,FALSE
5000309007651,Anadin Extra Caplets,Anadin,Pain Relief,Tablets & Capsules,12,12,TRUE,FALSE
5000309007668,Anadin Extra Caplets,Anadin,Pain Relief,Tablets & Capsules,16,12,TRUE,FALSE
5000309007699,Anadin Extra Soluble Aspirin Paracetamol & Caffeine,Anadin,Pain Relief,Tablets & Capsules,10,10,TRUE,FALSE
5000309007675,Anadin Extra Tablets,Anadin,Pain Relief,Tablets & Capsules,32,6,TRUE,FALSE
5000309007750,Anadin Original Caplets,Anadin,Pain Relief,Tablets & Capsules,16,12,TRUE,FALSE
96183458,Anbesol Liquid,Anbesol,Health & OTC Medicines,Ear/Eye/Skin & Other OTC,10ml,6,TRUE,FALSE
5036631004068,Anbesol Oral Pain Relief Gel,Anbesol,Health & OTC Medicines,Ear/Eye/Skin & Other OTC,10g,6,TRUE,FALSE
96032909,Anbesol Teething Gel,Anbesol,Health & OTC Medicines,Ear/Eye/Skin & Other OTC,10g,6,TRUE,FALSE
5029053578200,Andrex 4 Roll Complete Clean - F1,Andrex,Household & Cleaning,Disinfectants & Toilet Care,6x4,6,TRUE,FALSE
5029053582115,Andrex 4 Roll Supreme Quilts F1,Andrex,Household & Cleaning,Disinfectants & Toilet Care,6x4,6,TRUE,FALSE
5029053578231,Andrex 9 Roll Classic Clean,Andrex,Household & Cleaning,Disinfectants & Toilet Care,9s,4,TRUE,FALSE
5029053571508,Andrex 9 Roll Gentle Clean,Andrex,Household & Cleaning,Disinfectants & Toilet Care,9s,5,TRUE,FALSE
5029053582139,Andrex 9 Roll Supreme Quilts F1,Andrex,Household & Cleaning,Disinfectants & Toilet Care,4x9,4,TRUE,FALSE
5029053581378,Andrex 9 Roll Ultra Care -F1,Andrex,Household & Cleaning,Disinfectants & Toilet Care,5x9's,5,TRUE,FALSE
5029053582979,Andrex Classic Clean Toilet Tissue PMP,Andrex,Household & Cleaning,Disinfectants & Toilet Care,2,12,TRUE,FALSE
5029053582986,Andrex Classic Clean Toilet Tissue PMP,Andrex,Household & Cleaning,Disinfectants & Toilet Care,4,6,TRUE,FALSE
5029053576206,Andrex Coconut Fresh Toilet Roll,Andrex,Household & Cleaning,Disinfectants & Toilet Care,9,5,TRUE,FALSE
5029053571539,Andrex Family Soft Toilet Roll,Andrex,Household & Cleaning,Disinfectants & Toilet Care,16,1,TRUE,FALSE
5029053581248,Andrex Fresh Fragranced Wipes,Andrex,Household & Cleaning,Disinfectants & Toilet Care,30,14,TRUE,FALSE
5029053583815,Andrex Hygiene Wipes Fresh and Fruity,Andrex,Household & Cleaning,Disinfectants & Toilet Care,12x30,12,TRUE,FALSE
5029053581200,Andrex Hygiene Wipes Fresh and Sensitive,Andrex,Household & Cleaning,Disinfectants & Toilet Care,12x30,12,TRUE,FALSE
5029053584881,Andrex Moist Toilet Tissues Fresh & Go Hygiene Wipes,Andrex,Household & Cleaning,Disinfectants & Toilet Care,12,20,TRUE,FALSE
5029053586052,Andrex Moist Toilet Tissues Fresh XL Hygiene Wipes,Andrex,Household & Cleaning,Disinfectants & Toilet Care,28,10,TRUE,FALSE
5029053585970,Andrex Soft Limited Edition Watermelon Scented Toilet Rolls,Andrex,Household & Cleaning,Disinfectants & Toilet Care,9,5,TRUE,FALSE
529053583013,Andrex Supreme Quilts PMP,Andrex,Household & Cleaning,Disinfectants & Toilet Care,4,6,TRUE,FALSE
5029053586236,Andrex Ultimate Quilts Toilet Tissue PMP,Andrex,Household & Cleaning,Disinfectants & Toilet Care,9,4,TRUE,FALSE
5023652298064,Antarctic Superba¨ Krill Oil 500mg (Omega-3),Nature's Aid,Vitamins & Supplements,Minerals,60 softgels,6,TRUE,FALSE
3337875882682,Anthelios Sunscreen SPF 50+,La Roche-Posay,Skin Care,Treatments & Masks,250ml,24,TRUE,FALSE
5391513951718,Anthisan Bite And Sting Cream,Anthisan,Health & OTC Medicines,Ear/Eye/Skin & Other OTC,20g,10,TRUE,FALSE
5391513951725,Anthisan Bite And Sting Cream,Anthisan,Health & OTC Medicines,Ear/Eye/Skin & Other OTC,25g,10,TRUE,FALSE
5010724530962,Anusol Cream,Anusol,Health & OTC Medicines,Digestive Health,43g,6,TRUE,FALSE
5010724530955,Anusol Cream,Anusol,Health & OTC Medicines,Digestive Health,23g,12,TRUE,FALSE
5010724539316,Anusol Natural Cream,Anusol,Health & OTC Medicines,Digestive Health,30g,12,TRUE,FALSE
5010724531013,Anusol Ointment,Anusol,Health & OTC Medicines,Digestive Health,25g,12,TRUE,FALSE
5010724530993,Anusol Plus HC Ointment,Anusol,Health & OTC Medicines,Digestive Health,15g,6,TRUE,FALSE
5010724531006,Anusol Plus HC Suppositories,Anusol,Health & OTC Medicines,Digestive Health,12,6,TRUE,FALSE
5010724531020,Anusol Soothing Relief Ointment,Anusol,Health & OTC Medicines,Digestive Health,15g,6,TRUE,FALSE
5010724531037,Anusol Soothing Relief Suppositories,Anusol,Health & OTC Medicines,Digestive Health,12x15g,6,TRUE,FALSE
5010724533888,Anusol Soothing and Cleansing Flushable Wipes,Anusol,Health & OTC Medicines,Digestive Health,30,6,TRUE,FALSE
5010724531044,Anusol Suppositories,Anusol,Health & OTC Medicines,Digestive Health,12,6,TRUE,FALSE
5010724531051,Anusol Suppositories,Anusol,Health & OTC Medicines,Digestive Health,24,6,TRUE,FALSE
8718117611942,Aptamil Advanced 1 First Infant Baby Milk Powder,Aptamil,Baby & Child,Baby Feeding,800g,4,TRUE,FALSE
8718117611935,Aptamil Advanced 2 Follow On Milk Powder,Aptamil,Baby & Child,Baby Feeding,800g,4,TRUE,FALSE
8718117611928,Aptamil Advanced 3 Toddler Milk Powder,Aptamil,Baby & Child,Baby Feeding,800g,4,TRUE,FALSE
5051594006843,Aptamil Anti-Reflux from Birth to 12 Months,Aptamil,Baby & Child,Baby Feeding,800g,4,TRUE,FALSE
5051594004313,Aptamil Baby Milk Starter Pack With Teat,Aptamil,Baby & Child,Baby Feeding,70ml,1,TRUE,FALSE
5051594006850,Aptamil Comfort from Birth to 12 months,Aptamil,Baby & Child,Baby Feeding,800g,4,TRUE,FALSE
5051594008281,Aptamil Creamy Porridge,Aptamil,Baby & Child,Baby Feeding,5x125g,5,TRUE,FALSE
5051594006812,Aptamil First Infant Milk Powder STAGE 1 (0-6 months),Aptamil,Baby & Child,Baby Feeding,6x800g,6,TRUE,FALSE
8716900559129,Aptamil First Infant RTF Milk Liquid STAGE 1 (0-6 months),Aptamil,Baby & Child,Baby Feeding,12x200ml,12,TRUE,FALSE
5051594006829,Aptamil Follow On Milk Powder STAGE 2 (6-12 months),Aptamil,Baby & Child,Baby Feeding,6x800g,6,TRUE,FALSE
8716900559143,Aptamil Follow On RTF Milk Liquid STAGE 2 (6-12 months),Aptamil,Baby & Child,Baby Feeding,12x200ml,12,TRUE,FALSE
5900852056611,Aptamil Follow on Milk Powder Big Pack (2x600gm),Aptamil,Baby & Child,Baby Feeding,3x1.2kg,3,TRUE,FALSE
5051594006805,Aptamil Growing Up Milk Powder STAGE 3 (1-2yrs),Aptamil,Baby & Child,Baby Feeding,6x800g,6,TRUE,FALSE
5051594002975,Aptamil Growing Up RTF Milk Liquid STAGE 3 (1-2yrs),Aptamil,Baby & Child,Baby Feeding,15x200ml,15,TRUE,FALSE
5051594006836,Aptamil Hungry Infant Milk from Birth - 6 Months,Aptamil,Baby & Child,Baby Feeding,800g,6,TRUE,FALSE
5900852054730,Aptamil Infant Milk Powder Big Pack (2x600gm),Aptamil,Baby & Child,Baby Feeding,3x1.2kg,3,TRUE,FALSE
8718117603107,Aptamil Milk Lactose Free,Aptamil,Baby & Child,Baby Feeding,400g,4,TRUE,FALSE
5051594001954,Aptamil Milk Powder Growing Up 2-3 Years,Aptamil,Baby & Child,Baby Feeding,800g,6,TRUE,FALSE
5051594008380,Aptamil Organic Baby Rice,Aptamil,Baby & Child,Baby Feeding,5x100g,5,TRUE,FALSE
5051594007659,Aptamil Pre-Measured Tabs 1 From Birth First Infant Milk,Aptamil,Baby & Child,Baby Feeding,120,4,TRUE,FALSE
8716900570254,Aptamil Profutura First Infant Milk,Aptamil,Baby & Child,Baby Feeding,200ml,12,TRUE,FALSE
8716900572296,Aptamil Profutura Follow on Milk 2 6-12 Months,Aptamil,Baby & Child,Baby Feeding,200ml,12,TRUE,FALSE
5051594003613,Aptamil Stage 1 First Infant Milk Starter Pack from Birth 6 Months,Aptamil,Baby & Child,Baby Feeding,6 x 70ml,1,TRUE,FALSE
5060103741311,Aqua Guard Socks 13 - 2.5 Small,Aqua Guard,First Aid & Medical Devices,Antiseptics,1pr,50,TRUE,FALSE
5060103741328,Aqua Guard Socks 3.5 - 5.5 Medium,Aqua Guard,First Aid & Medical Devices,Antiseptics,1pr,50,TRUE,FALSE
5060103741335,Aqua Guard Socks 6-8 Large,Aqua Guard,First Aid & Medical Devices,Antiseptics,1pr,50,TRUE,FALSE
5060103741304,Aqua Guard Socks 9 -12 Ex Small,Aqua Guard,First Aid & Medical Devices,Antiseptics,1pr,50,TRUE,FALSE
5000347027499,Aquafresh Big Teeth Mouthwash,Aquafresh,Oral Care,Mouthwash & Whitening,300ml,6,TRUE,FALSE
5054563121882,Aquafresh Big Teeth Toothbrush,Aquafresh,Oral Care,Toothbrushes & Tools,1,12,TRUE,FALSE
5054563068293,Aquafresh Kids Soft Bristles Toothbrush 0-7yrs 3pk,Aquafresh,Oral Care,Toothbrushes & Tools,3 toothbrushes,12,TRUE,FALSE
5000347090967,Aquafresh Kids T/Paste 50ml Baby Milk Teeth 0-2Y,Aquafresh,Oral Care,Toothpaste,50ml tube,12,TRUE,FALSE
5000347090936,Aquafresh Kids T/Paste 50ml Big Teeth Tube 6Y+,Aquafresh,Oral Care,Toothpaste,50ml tube,12,TRUE,FALSE
5000347090943,Aquafresh Kids T/Paste 50ml Little Teeth Tube 3-5Y,Aquafresh,Oral Care,Toothpaste,50ml tube,8,TRUE,FALSE
5054563210555,Aquafresh Little Teeth Toothbrush,Aquafresh,Oral Care,Toothbrushes & Tools,1,12,TRUE,FALSE
5000347054303,Aquafresh M/Wash 500ml Extra Fresh Mint Daily(UK/NL/FR),Aquafresh,Oral Care,Mouthwash & Whitening,500ml bottle,12,TRUE,FALSE
5054563210074,Aquafresh Milk Teeth Toothbrush 0-2 Yrs,Aquafresh,Oral Care,Toothbrushes & Tools,1,12,TRUE,FALSE
5054563180230,Aquafresh T/Paste 100ml Active Fresh,Aquafresh,Oral Care,Toothpaste,100ml tube,12,TRUE,FALSE
5054563180179,Aquafresh T/Paste 100ml Active White,Aquafresh,Oral Care,Toothpaste,100ml tube,12,TRUE,FALSE
5054563180209,Aquafresh T/Paste 100ml Triple Protection,Aquafresh,Oral Care,Toothpaste,100ml tube,4,TRUE,FALSE
5054563087546,Aquafresh Toothpaste 50ml Splash Strawberry & Mint,Aquafresh,Oral Care,Toothpaste,50ml,12,TRUE,FALSE
5060103741342,Aquasafe Guard Socks XL,Aquasafe,First Aid & Medical Devices,Antiseptics,2,50,TRUE,FALSE
5060120164520,Argan Oil 50ml Night Repair Serum,Argan Oil,Skin Care,Moisturisers,50ml bottle,24,TRUE,FALSE
5060120164087,Argan Oil Conditioner 300ml,Argan Oil,Hair Care,Conditioner,300ml bottle,12,TRUE,FALSE
5060120164063,Argan Oil Shampoo 300ml,Argan Oil,Hair Care,Shampoo,300ml bottle,12,TRUE,FALSE
8006540899069,Ariel All in 1 Washing Pods 28w Original,Ariel,Laundry & Fabric Care,Detergents & Pods,28,12,TRUE,FALSE
8006540899663,Ariel Colour All-in-1 Pods 51 Wash,Ariel,Laundry & Fabric Care,Detergents & Pods,51ct,2,TRUE,FALSE
8700216342018,Ariel Liquid 35 Wash Original,Ariel,Laundry & Fabric Care,Detergents & Pods,4x1.155L,4,TRUE,FALSE
8700216342117,Ariel Liquid 42 Wash Original,Ariel,Laundry & Fabric Care,Detergents & Pods,4x1.386L,4,TRUE,FALSE
8006540991329,Ariel Liquid 44 Wash Original,Ariel,Laundry & Fabric Care,Detergents & Pods,4x1.54L,4,TRUE,FALSE
8700216342216,Ariel Liquid 50 Wash Colour,Ariel,Laundry & Fabric Care,Detergents & Pods,4x1.65L,4,TRUE,FALSE
8700216342230,Ariel Liquid 50 Wash Original,Ariel,Laundry & Fabric Care,Detergents & Pods,4x1.65L,4,TRUE,FALSE
8700216526494,Ariel Liquid 80 Wash Colour,Ariel,Laundry & Fabric Care,Detergents & Pods,4x2.64L,4,TRUE,FALSE
8700216526517,Ariel Liquid 80 Wash Original,Ariel,Laundry & Fabric Care,Detergents & Pods,4x2.64L,4,TRUE,FALSE
8700216341943,Ariel Liquid Gel 26 Wash Colour,Ariel,Laundry & Fabric Care,Detergents & Pods,6x858ml,6,TRUE,FALSE
8700216341936,Ariel Liquid Gel 26 Wash Original,Ariel,Laundry & Fabric Care,Detergents & Pods,6x858ml,6,TRUE,FALSE
8700216341967,Ariel Liquid Gel 32 Wash Colour 1056ml,Ariel,Laundry & Fabric Care,Detergents & Pods,6x1056ml,6,TRUE,FALSE
8700216341813,Ariel Liquid Gel 32 Wash Original 1056ml,Ariel,Laundry & Fabric Care,Detergents & Pods,6x1056ml,6,TRUE,FALSE
8700216349185,Ariel Liquid Gel 64 Wash Original,Ariel,Laundry & Fabric Care,Detergents & Pods,2x2112ml,2,TRUE,FALSE
8006540899564,Ariel Original All-in-1 Pods 51 Wash,Ariel,Laundry & Fabric Care,Detergents & Pods,51ct,2,TRUE,FALSE
8700216465083,Ariel Original Pods 12w PMP ð4.79,Ariel,Laundry & Fabric Care,Detergents & Pods,4x12ct,4,TRUE,FALSE
8700216095310,Ariel Platinum+ Febreeze Pods 100s,Ariel,Laundry & Fabric Care,Detergents & Pods,1x100ct,1,TRUE,FALSE
8006540899748,Ariel Platinum+ Pods 34s Febreze Extra Odour Defence,Ariel,Laundry & Fabric Care,Detergents & Pods,4x34ct,4,TRUE,FALSE
8006540899960,Ariel Platinum+ Pods 34s Lenor,Ariel,Laundry & Fabric Care,Detergents & Pods,4x34ct,4,TRUE,FALSE
8006540899434,Ariel Platinum+ Pods 44s Stain Remover,Ariel,Laundry & Fabric Care,Detergents & Pods,3x44ct,3,TRUE,FALSE
8700216464628,Ariel Pods 13s Original,Ariel,Laundry & Fabric Care,Detergents & Pods,4x13ct,4,TRUE,FALSE
8700216464741,Ariel Pods 18s Original,Ariel,Laundry & Fabric Care,Detergents & Pods,4x18ct,4,TRUE,FALSE
8700216465021,Ariel Pods 28s Colour,Ariel,Laundry & Fabric Care,Detergents & Pods,4x28ct,4,TRUE,FALSE
8700216464642,Ariel Pods 28s Original,Ariel,Laundry & Fabric Care,Detergents & Pods,4x28ct,4,TRUE,FALSE
8006540899274,Ariel Pods 33s Colour,Ariel,Laundry & Fabric Care,Detergents & Pods,4x33CT,4,TRUE,FALSE
8700216464888,Ariel Pods 33s Colour,Ariel,Laundry & Fabric Care,Detergents & Pods,4x33ct,4,TRUE,FALSE
8700216464611,Ariel Pods 33s Original,Ariel,Laundry & Fabric Care,Detergents & Pods,4x33w,4,TRUE,FALSE
8006540899311,Ariel Pods 33s Original,Ariel,Laundry & Fabric Care,Detergents & Pods,4x33CT,4,TRUE,FALSE
8700216465212,Ariel Pods 38s Original,Ariel,Laundry & Fabric Care,Detergents & Pods,3x38ct,3,TRUE,FALSE
8700216465182,Ariel Pods 51s Colour,Ariel,Laundry & Fabric Care,Detergents & Pods,2x51ct,2,TRUE,FALSE
8700216465052,Ariel Pods 51s Original,Ariel,Laundry & Fabric Care,Detergents & Pods,2x51w,2,TRUE,FALSE
8700216465366,Ariel Pods 58s Colour,Ariel,Laundry & Fabric Care,Detergents & Pods,2x58ct,2,TRUE,FALSE
8700216464987,Ariel Pods 58s Original,Ariel,Laundry & Fabric Care,Detergents & Pods,2x58ct,2,TRUE,FALSE
8700216095709,Ariel Powder Original 10w PMP ð3.99,Ariel,Laundry & Fabric Care,Detergents & Pods,6x600g,6,TRUE,FALSE
8700216095778,Ariel Powder Original 27w,Ariel,Laundry & Fabric Care,Detergents & Pods,6x1.62kg,6,TRUE,FALSE
8700216095761,Ariel Powder Original 40w,Ariel,Laundry & Fabric Care,Detergents & Pods,4x2.4kg,4,TRUE,FALSE
8700216095679,Ariel Powder Original 65w,Ariel,Laundry & Fabric Care,Detergents & Pods,3x3.9kg,3,TRUE,FALSE
8700216139526,Ariel Professional Colour Laundry Powder 100w 6kg,Ariel,Laundry & Fabric Care,Detergents & Pods,1x6kg,1,TRUE,FALSE
8700216077125,Ariel Professional Formula Pro Laundry Powder 100w 6.5kg,Ariel,Laundry & Fabric Care,Detergents & Pods,1x6.5kg,1,TRUE,FALSE
8700216139496,Ariel Professional Regular Laundry Powder 100w 6kg,Ariel,Laundry & Fabric Care,Detergents & Pods,1x6kg,1,TRUE,FALSE
8001841675626,Ariel Washing Liquid Original 2.45L 70 Washes,Ariel,Laundry & Fabric Care,Detergents & Pods,2.45L,4,TRUE,FALSE